<clones>
<systeminfo  system="Group13_source" granularity="blocks-consistent" threshold="0%" minlines="5" maxlines="500"/>
<classinfo npcs="388" nclones="4" nfragments="8" npairs="4" nclasses="4"/>
<runinfo ncompares="579" cputime="0"/>

<class id="1" nlines="15" nfragments="2">
<source file="Group13_source/frontend/DummyController.java" startline="18" endline="35" pcid="303"></source>
<source file="Group13_source/frontend/Input.java" startline="219" endline="235" pcid="243"></source>
</class>

<class id="2" nlines="10" nfragments="2">
<source file="Group13_source/frontend/FXMLCalendarController.java" startline="90" endline="99" pcid="189"></source>
<source file="Group13_source/frontend/FXMLProntPageController.java" startline="92" endline="101" pcid="195"></source>
</class>

<class id="3" nlines="6" nfragments="2">
<source file="Group13_source/controller/Controller.java" startline="333" endline="338" pcid="102"></source>
<source file="Group13_source/controller/Controller.java" startline="340" endline="345" pcid="103"></source>
</class>

<class id="4" nlines="5" nfragments="2">
<source file="Group13_source/frontend/View.java" startline="337" endline="342" pcid="369"></source>
<source file="Group13_source/frontend/View.java" startline="245" endline="250" pcid="355"></source>
</class>

</clones>
