<clones>
<systeminfo  system="Group13_source" granularity="blocks-consistent" threshold="20%" minlines="5" maxlines="500"/>
<classinfo npcs="388" nclones="19" nfragments="29" npairs="44" nclasses="10"/>
<runinfo ncompares="1724" cputime="0"/>

<class id="1" nlines="15" nfragments="2">
<source file="Group13_source/frontend/DummyController.java" startline="18" endline="35" pcid="303">
    public static byte[] getHash(String username) {
	byte[] returnHash = null;
	
	try {
	    MessageDigest md = MessageDigest.getInstance("SHA-256");
	     md.update(username.getBytes());
	     returnHash = md.digest();
	     
	     if(returnHash == null) {
		 throw new RuntimeException(
			 "ReturnHash null in DummyController");
	     }
	} catch (NoSuchAlgorithmException nsae) {
	    System.out.println("Exception: " + nsae);
	}
	
	return returnHash;
    }
</source>
<source file="Group13_source/frontend/Input.java" startline="219" endline="235" pcid="243">
    public static byte[] createHash(String password) {
	byte[] returnHash = null;
	
	try {
	    MessageDigest md = MessageDigest.getInstance("SHA-256");
	    md.update(password.getBytes());
	    returnHash = md.digest();
	     
	    if(returnHash == null) {
		throw new RuntimeException("ReturnHash null in DummyController");
	    }
	} catch (NoSuchAlgorithmException nsae) {
	    System.out.println("Exception: " + nsae);
	}
	
	return returnHash;
    }
</source>
</class>

<class id="2" nlines="10" nfragments="2">
<source file="Group13_source/frontend/Input.java" startline="105" endline="116" pcid="224">
    {  
        Request addNewEmployeeRequest = Request.CreateRequest("PLACEHOLDER", newEmployee);
        RequestResults results = new RequestResults();
        try
        {
            results = controller.sendRequest(addNewEmployeeRequest);
        }
        catch(SQLException exception)
        {
            System.out.println("Exception in addNewEmployee with message: " + exception.getMessage());
        }
    }
</source>
<source file="Group13_source/frontend/Input.java" startline="68" endline="77" pcid="218">
    {
        Request request = Request.ShiftRequest(userID);
        RequestResults schedule = new RequestResults();
        try{
            schedule=controller.sendRequest(request);
        }
        catch(Exception e)
        {}
        return schedule.getShifts();
    }
</source>
</class>

<class id="3" nlines="10" nfragments="2">
<source file="Group13_source/frontend/FXMLCalendarController.java" startline="90" endline="99" pcid="189">
       {
           Timestamp temp=weeklySchedule.get(index).remove();
           String parse=temp.toString();
           parse=parse.substring(11, 16);
           day.appendText(parse+"-");
           temp=weeklySchedule.get(index).remove();
           parse=temp.toString();
           parse=parse.substring(11, 16);
           day.appendText(parse+"\n");
       }
</source>
<source file="Group13_source/frontend/FXMLProntPageController.java" startline="92" endline="101" pcid="195">
       {
           Timestamp temp=weeklySchedule.get(index).remove();
           String parse=temp.toString();
           parse=parse.substring(11, 16);
           day.appendText(parse+"-");
           temp=weeklySchedule.get(index).remove();
           parse=temp.toString();
           parse=parse.substring(11, 16);
           day.appendText(parse+"\n");
       }
</source>
</class>

<class id="4" nlines="10" nfragments="3">
<source file="Group13_source/frontend/Input.java" startline="242" endline="254" pcid="247">
    public static void createGiveRequest(String empName, Timestamp[] shiftStartEnd) {
    	Request request = Request.GiveRequest(empName, shiftStartEnd);
    	try {
			controller.sendRequest(request);
		} catch (SQLException e) {
			System.out.println("createGiveRequest bombed hard");
			e.printStackTrace();
		}
    	
    	/** Sample SQL for creating a give request
    	 * INSERT INTO giveshifts (giverlogin, givershiftstart, givershiftend),
    	 * 	VALUES (empName, shiftStartEnd[0], shiftStartEnd[1]); */
    }
</source>
<source file="Group13_source/frontend/Input.java" startline="124" endline="134" pcid="227">
    {
        Request changeAccessLevelRequest = Request.ChangeAccessLevelRequest(username, newAccessLevel);
        try
        {
            controller.sendRequest(changeAccessLevelRequest);
        }
        catch(SQLException exception)
        {
            System.out.println("Exception in changeEmployeeAccessLevel with message: " + exception.getMessage());
        }    
    }
</source>
<source file="Group13_source/frontend/Input.java" startline="426" endline="437" pcid="275">
   public static void getWorkerLogin (String firstName, String lastName){
	   //TODO need request for this
	   Request getLogin = Request.GetUserLoginRequest(firstName, lastName);
       try
       {
           controller.sendRequest(getLogin);
       }
       catch(SQLException exception)
       {
           System.out.println("Message couldn't be sent, error is: " + exception.getMessage());
       }
   }
</source>
</class>

<class id="5" nlines="9" nfragments="8">
<source file="Group13_source/frontend/View.java" startline="130" endline="137" pcid="333">
    {
	try {
            SwapShiftController swapShift = (SwapShiftController) sceneTransition("SwapShift.fxml");
            swapShift.setApp(instance);
        } catch (Exception e) {
            System.out.println(e.getMessage());
        }
    }
</source>
<source file="Group13_source/frontend/View.java" startline="120" endline="127" pcid="330">
    private void beginTakeShift() {
        try {
            TakePageController take = (TakePageController) sceneTransition("TakePage.fxml");
            take.setApp(instance);
        } catch (Exception e) {
            System.out.println(e.getMessage());
        }
    }
</source>
<source file="Group13_source/frontend/View.java" startline="110" endline="118" pcid="327">
    private void beginNewMessage() {
	try {
            NewMessagePageController message = 
		    (NewMessagePageController) sceneTransition("NewMessagePage.fxml");
            message.setApp(instance);
        } catch (Exception e) {
            System.out.println(e.getMessage());
        }
    }
</source>
<source file="Group13_source/frontend/View.java" startline="100" endline="108" pcid="324">
    private void beginHomescreen() {
	try {
            FXMLProntPageController homescreen = 
		    (FXMLProntPageController) sceneTransition("FXMLProntPage.fxml");
            homescreen.setApp(instance);
        } catch (Exception e) {
            System.out.println(e.getMessage());
        }
    }
</source>
<source file="Group13_source/frontend/View.java" startline="90" endline="98" pcid="321">
    private void beginCalendar() {
	try {
            FXMLCalendarController calendar = 
		    (FXMLCalendarController) sceneTransition("CalendarPage.fxml");
            calendar.setApp(instance);
        } catch (Exception e) {
            System.out.println(e.getMessage());
        }
    }
</source>
<source file="Group13_source/frontend/View.java" startline="80" endline="88" pcid="318">
    private void beginManagerSettings() {
	try {
            ManagerSettingsController managerSettings = 
		    (ManagerSettingsController) sceneTransition("ManagerSettings.fxml");
	    managerSettings.setApp(instance);
        } catch (Exception e) {
            System.out.println(e.getMessage());
        }
    }
</source>
<source file="Group13_source/frontend/View.java" startline="71" endline="78" pcid="315">
    private void beginLogin() {
        try {
            LoginPageController login = (LoginPageController) sceneTransition("LoginPage.fxml");
            login.setApp(instance);
        } catch (Exception e) {
            System.out.println(e.getMessage());
        }
    }
</source>
<source file="Group13_source/frontend/View.java" startline="62" endline="69" pcid="312">
    private void beginMessages(){
        try {
            MessagesPageController message = (MessagesPageController) sceneTransition("MessagesPage.fxml");
            message.setApp(instance);
        } catch (Exception e) {
            System.out.println(e.getMessage());
        }
    }
</source>
</class>

<class id="6" nlines="7" nfragments="4">
<source file="Group13_source/controller/Controller.java" startline="505" endline="511" pcid="119">
        if(lastName != null){
            if(needComma == true){
                    ret = ret + ", ";
            }
            ret = ret+ "emplastname = '"+ lastName +"' ";
            needComma = true;
        }
</source>
<source file="Group13_source/controller/Controller.java" startline="512" endline="518" pcid="121">
        if(accesslevel != -1){
            if(needComma == true){
                    ret = ret + ", ";
            }
            ret = ret+ "empaccesslevel = '"+ accesslevel +"' ";
            needComma = true;
        }
</source>
<source file="Group13_source/controller/Controller.java" startline="519" endline="525" pcid="123">
        if(email != null){
            if(needComma == true) {
                    ret = ret + ", ";
            }
            ret = ret+ "empemail = '"+ email +"' ";
            needComma = true;
        }
</source>
<source file="Group13_source/controller/Controller.java" startline="526" endline="532" pcid="125">
        if(wage >= 0){
            if(needComma == true){
                    ret = ret + ", ";
            }
            ret = ret+ "empwage = '"+ wage +"' ";
            needComma = true;
        }        
</source>
</class>

<class id="7" nlines="6" nfragments="2">
<source file="Group13_source/controller/Controller.java" startline="333" endline="338" pcid="102">
                    {
                        Statement managerChange = dbconnection.createStatement();
                        managerChange.execute( updateManagerQuery(request.getSender(), request.getManager()) );
                        managerChange.close();
                        break;
                    }
</source>
<source file="Group13_source/controller/Controller.java" startline="340" endline="345" pcid="103">
                    {
                        Statement approvalStatus = dbconnection.createStatement();
                        approvalStatus.execute(approvalStatusChangeQuery(request.getManager(), request.isApproved()));
                        approvalStatus.close();
                        break;
                    }
</source>
</class>

<class id="8" nlines="6" nfragments="2">
<source file="Group13_source/controller/Controller.java" startline="347" endline="352" pcid="104">
                    {
                        Statement accessUpdate = dbconnection.createStatement();
                        accessUpdate.execute(updateEmployeeQuery(null, null, request.getEmployee().getAccessLevel(), request.getSender(), null, -1));
                        accessUpdate.close();
                        break;
                    }
</source>
<source file="Group13_source/controller/Controller.java" startline="313" endline="318" pcid="99">
                    {
                        Statement sendMessage = dbconnection.createStatement();
                        sendMessage.execute(newMessageQuery(request.getSender(), request.getRecipient(), "MESSAGE: " + request.getNotification()));
                        sendMessage.close();
                        break;
                    }
</source>
</class>

<class id="9" nlines="5" nfragments="2">
<source file="Group13_source/controller/Controller.java" startline="55" endline="59" pcid="70">
                    {
                        Statement giveRequest = dbconnection.createStatement();
                        giveRequest.execute(insertGiveRecordQuery(request.getSender(), request.getShifts()[0], request.getShifts()[1]));
                        break;
                    }
</source>
<source file="Group13_source/controller/Controller.java" startline="172" endline="176" pcid="85">
                    {
                        Statement addShift = dbconnection.createStatement();
                        addShift.execute(insertShiftQuery(request.getSender(), request.getShifts()[0], request.getShifts()[1]));
                        addShift.close();
                    }
</source>
</class>

<class id="10" nlines="5" nfragments="2">
<source file="Group13_source/frontend/View.java" startline="337" endline="342" pcid="369">
            {
                //Add start and end times to that days schedule.
                monthlySchedule.get(dateChecker).add(schedule[i]);
                monthlySchedule.get(dateChecker).add(schedule[i+1]);
                i=i+2;
            }
</source>
<source file="Group13_source/frontend/View.java" startline="245" endline="250" pcid="355">
            {
                //Add start and end times to that days schedule.
                weeklySchedule.get(dateChecker).add(schedule[i]);
                weeklySchedule.get(dateChecker).add(schedule[i+1]);
                i=i+2;
            }
</source>
</class>

</clones>
