<clones>
<systeminfo  system="Group13_source" granularity="blocks-consistent" threshold="10%" minlines="5" maxlines="500"/>
<classinfo npcs="388" nclones="4" nfragments="8" npairs="4" nclasses="4"/>
<runinfo ncompares="1020" cputime="20000"/>

<class id="1" nlines="15" nfragments="2">
<source file="Group13_source/frontend/DummyController.java" startline="18" endline="35" pcid="303">
    public static byte[] getHash(String username) {
	byte[] returnHash = null;
	
	try {
	    MessageDigest md = MessageDigest.getInstance("SHA-256");
	     md.update(username.getBytes());
	     returnHash = md.digest();
	     
	     if(returnHash == null) {
		 throw new RuntimeException(
			 "ReturnHash null in DummyController");
	     }
	} catch (NoSuchAlgorithmException nsae) {
	    System.out.println("Exception: " + nsae);
	}
	
	return returnHash;
    }
</source>
<source file="Group13_source/frontend/Input.java" startline="219" endline="235" pcid="243">
    public static byte[] createHash(String password) {
	byte[] returnHash = null;
	
	try {
	    MessageDigest md = MessageDigest.getInstance("SHA-256");
	    md.update(password.getBytes());
	    returnHash = md.digest();
	     
	    if(returnHash == null) {
		throw new RuntimeException("ReturnHash null in DummyController");
	    }
	} catch (NoSuchAlgorithmException nsae) {
	    System.out.println("Exception: " + nsae);
	}
	
	return returnHash;
    }
</source>
</class>

<class id="2" nlines="10" nfragments="2">
<source file="Group13_source/frontend/FXMLCalendarController.java" startline="90" endline="99" pcid="189">
       {
           Timestamp temp=weeklySchedule.get(index).remove();
           String parse=temp.toString();
           parse=parse.substring(11, 16);
           day.appendText(parse+"-");
           temp=weeklySchedule.get(index).remove();
           parse=temp.toString();
           parse=parse.substring(11, 16);
           day.appendText(parse+"\n");
       }
</source>
<source file="Group13_source/frontend/FXMLProntPageController.java" startline="92" endline="101" pcid="195">
       {
           Timestamp temp=weeklySchedule.get(index).remove();
           String parse=temp.toString();
           parse=parse.substring(11, 16);
           day.appendText(parse+"-");
           temp=weeklySchedule.get(index).remove();
           parse=temp.toString();
           parse=parse.substring(11, 16);
           day.appendText(parse+"\n");
       }
</source>
</class>

<class id="3" nlines="6" nfragments="2">
<source file="Group13_source/controller/Controller.java" startline="333" endline="338" pcid="102">
                    {
                        Statement managerChange = dbconnection.createStatement();
                        managerChange.execute( updateManagerQuery(request.getSender(), request.getManager()) );
                        managerChange.close();
                        break;
                    }
</source>
<source file="Group13_source/controller/Controller.java" startline="340" endline="345" pcid="103">
                    {
                        Statement approvalStatus = dbconnection.createStatement();
                        approvalStatus.execute(approvalStatusChangeQuery(request.getManager(), request.isApproved()));
                        approvalStatus.close();
                        break;
                    }
</source>
</class>

<class id="4" nlines="5" nfragments="2">
<source file="Group13_source/frontend/View.java" startline="337" endline="342" pcid="369">
            {
                //Add start and end times to that days schedule.
                monthlySchedule.get(dateChecker).add(schedule[i]);
                monthlySchedule.get(dateChecker).add(schedule[i+1]);
                i=i+2;
            }
</source>
<source file="Group13_source/frontend/View.java" startline="245" endline="250" pcid="355">
            {
                //Add start and end times to that days schedule.
                weeklySchedule.get(dateChecker).add(schedule[i]);
                weeklySchedule.get(dateChecker).add(schedule[i+1]);
                i=i+2;
            }
</source>
</class>

</clones>
