<clones>
<systeminfo  system="Group13_source" granularity="blocks-consistent" threshold="30%" minlines="5" maxlines="500"/>
<classinfo npcs="388" nclones="24" nfragments="38" npairs="50" nclasses="14"/>
<runinfo ncompares="2193" cputime="0"/>

<class id="1" nlines="15" nfragments="2">
<source file="Group13_source/frontend/DummyController.java" startline="18" endline="35" pcid="303"></source>
<source file="Group13_source/frontend/Input.java" startline="219" endline="235" pcid="243"></source>
</class>

<class id="2" nlines="12" nfragments="2">
<source file="Group13_source/frontend/Input.java" startline="86" endline="98" pcid="221"></source>
<source file="Group13_source/frontend/Input.java" startline="313" endline="325" pcid="257"></source>
</class>

<class id="3" nlines="12" nfragments="2">
<source file="Group13_source/frontend/Input.java" startline="262" endline="273" pcid="250"></source>
<source file="Group13_source/frontend/Input.java" startline="292" endline="304" pcid="254"></source>
</class>

<class id="4" nlines="11" nfragments="2">
<source file="Group13_source/frontend/AddEmployeePageController.java" startline="91" endline="101" pcid="159"></source>
<source file="Group13_source/frontend/AddEmployeePageController.java" startline="160" endline="168" pcid="164"></source>
</class>

<class id="5" nlines="10" nfragments="2">
<source file="Group13_source/frontend/Input.java" startline="105" endline="116" pcid="224"></source>
<source file="Group13_source/frontend/Input.java" startline="68" endline="77" pcid="218"></source>
</class>

<class id="6" nlines="10" nfragments="2">
<source file="Group13_source/frontend/FXMLCalendarController.java" startline="90" endline="99" pcid="189"></source>
<source file="Group13_source/frontend/FXMLProntPageController.java" startline="92" endline="101" pcid="195"></source>
</class>

<class id="7" nlines="10" nfragments="3">
<source file="Group13_source/frontend/Input.java" startline="242" endline="254" pcid="247"></source>
<source file="Group13_source/frontend/Input.java" startline="124" endline="134" pcid="227"></source>
<source file="Group13_source/frontend/Input.java" startline="426" endline="437" pcid="275"></source>
</class>

<class id="8" nlines="9" nfragments="3">
<source file="Group13_source/frontend/Input.java" startline="205" endline="215" pcid="240"></source>
<source file="Group13_source/frontend/Input.java" startline="141" endline="151" pcid="230"></source>
<source file="Group13_source/frontend/Input.java" startline="410" endline="421" pcid="272"></source>
</class>

<class id="9" nlines="9" nfragments="8">
<source file="Group13_source/frontend/View.java" startline="130" endline="137" pcid="333"></source>
<source file="Group13_source/frontend/View.java" startline="120" endline="127" pcid="330"></source>
<source file="Group13_source/frontend/View.java" startline="110" endline="118" pcid="327"></source>
<source file="Group13_source/frontend/View.java" startline="100" endline="108" pcid="324"></source>
<source file="Group13_source/frontend/View.java" startline="90" endline="98" pcid="321"></source>
<source file="Group13_source/frontend/View.java" startline="80" endline="88" pcid="318"></source>
<source file="Group13_source/frontend/View.java" startline="71" endline="78" pcid="315"></source>
<source file="Group13_source/frontend/View.java" startline="62" endline="69" pcid="312"></source>
</class>

<class id="10" nlines="7" nfragments="4">
<source file="Group13_source/controller/Controller.java" startline="505" endline="511" pcid="119"></source>
<source file="Group13_source/controller/Controller.java" startline="512" endline="518" pcid="121"></source>
<source file="Group13_source/controller/Controller.java" startline="519" endline="525" pcid="123"></source>
<source file="Group13_source/controller/Controller.java" startline="526" endline="532" pcid="125"></source>
</class>

<class id="11" nlines="6" nfragments="2">
<source file="Group13_source/controller/Controller.java" startline="333" endline="338" pcid="102"></source>
<source file="Group13_source/controller/Controller.java" startline="340" endline="345" pcid="103"></source>
</class>

<class id="12" nlines="6" nfragments="2">
<source file="Group13_source/controller/Controller.java" startline="347" endline="352" pcid="104"></source>
<source file="Group13_source/controller/Controller.java" startline="313" endline="318" pcid="99"></source>
</class>

<class id="13" nlines="5" nfragments="2">
<source file="Group13_source/controller/Controller.java" startline="55" endline="59" pcid="70"></source>
<source file="Group13_source/controller/Controller.java" startline="172" endline="176" pcid="85"></source>
</class>

<class id="14" nlines="5" nfragments="2">
<source file="Group13_source/frontend/View.java" startline="337" endline="342" pcid="369"></source>
<source file="Group13_source/frontend/View.java" startline="245" endline="250" pcid="355"></source>
</class>

</clones>
