<clones>
<systeminfo  system="Group13_source" granularity="functions-consistent" threshold="20%" minlines="5" maxlines="500"/>
<classinfo npcs="201" nclones="8" nfragments="10" npairs="29" nclasses="2"/>
<runinfo ncompares="608" cputime="0"/>

<class id="1" nlines="14" nfragments="2">
<source file="Group13_source/frontend/DummyController.java" startline="18" endline="35" pcid="167"></source>
<source file="Group13_source/frontend/Input.java" startline="219" endline="235" pcid="140"></source>
</class>

<class id="2" nlines="8" nfragments="8">
<source file="Group13_source/frontend/View.java" startline="129" endline="137" pcid="178"></source>
<source file="Group13_source/frontend/View.java" startline="120" endline="127" pcid="177"></source>
<source file="Group13_source/frontend/View.java" startline="110" endline="118" pcid="176"></source>
<source file="Group13_source/frontend/View.java" startline="100" endline="108" pcid="175"></source>
<source file="Group13_source/frontend/View.java" startline="90" endline="98" pcid="174"></source>
<source file="Group13_source/frontend/View.java" startline="80" endline="88" pcid="173"></source>
<source file="Group13_source/frontend/View.java" startline="71" endline="78" pcid="172"></source>
<source file="Group13_source/frontend/View.java" startline="62" endline="69" pcid="171"></source>
</class>

</clones>
