<clones>
<systeminfo  system="Group13_source" granularity="functions-consistent" threshold="20%" minlines="5" maxlines="500"/>
<classinfo npcs="201" nclones="8" nfragments="10" npairs="29" nclasses="2"/>
<runinfo ncompares="608" cputime="0"/>

<class id="1" nlines="14" nfragments="2">
<source file="Group13_source/frontend/DummyController.java" startline="18" endline="35" pcid="167">
    public static byte[] getHash(String username) {
	byte[] returnHash = null;
	
	try {
	    MessageDigest md = MessageDigest.getInstance("SHA-256");
	     md.update(username.getBytes());
	     returnHash = md.digest();
	     
	     if(returnHash == null) {
		 throw new RuntimeException(
			 "ReturnHash null in DummyController");
	     }
	} catch (NoSuchAlgorithmException nsae) {
	    System.out.println("Exception: " + nsae);
	}
	
	return returnHash;
    }
</source>
<source file="Group13_source/frontend/Input.java" startline="219" endline="235" pcid="140">
    public static byte[] createHash(String password) {
	byte[] returnHash = null;
	
	try {
	    MessageDigest md = MessageDigest.getInstance("SHA-256");
	    md.update(password.getBytes());
	    returnHash = md.digest();
	     
	    if(returnHash == null) {
		throw new RuntimeException("ReturnHash null in DummyController");
	    }
	} catch (NoSuchAlgorithmException nsae) {
	    System.out.println("Exception: " + nsae);
	}
	
	return returnHash;
    }
</source>
</class>

<class id="2" nlines="8" nfragments="8">
<source file="Group13_source/frontend/View.java" startline="129" endline="137" pcid="178">
    private void beginSwapShift()
    {
	try {
            SwapShiftController swapShift = (SwapShiftController) sceneTransition("SwapShift.fxml");
            swapShift.setApp(instance);
        } catch (Exception e) {
            System.out.println(e.getMessage());
        }
    }
</source>
<source file="Group13_source/frontend/View.java" startline="120" endline="127" pcid="177">
    private void beginTakeShift() {
        try {
            TakePageController take = (TakePageController) sceneTransition("TakePage.fxml");
            take.setApp(instance);
        } catch (Exception e) {
            System.out.println(e.getMessage());
        }
    }
</source>
<source file="Group13_source/frontend/View.java" startline="110" endline="118" pcid="176">
    private void beginNewMessage() {
	try {
            NewMessagePageController message = 
		    (NewMessagePageController) sceneTransition("NewMessagePage.fxml");
            message.setApp(instance);
        } catch (Exception e) {
            System.out.println(e.getMessage());
        }
    }
</source>
<source file="Group13_source/frontend/View.java" startline="100" endline="108" pcid="175">
    private void beginHomescreen() {
	try {
            FXMLProntPageController homescreen = 
		    (FXMLProntPageController) sceneTransition("FXMLProntPage.fxml");
            homescreen.setApp(instance);
        } catch (Exception e) {
            System.out.println(e.getMessage());
        }
    }
</source>
<source file="Group13_source/frontend/View.java" startline="90" endline="98" pcid="174">
    private void beginCalendar() {
	try {
            FXMLCalendarController calendar = 
		    (FXMLCalendarController) sceneTransition("CalendarPage.fxml");
            calendar.setApp(instance);
        } catch (Exception e) {
            System.out.println(e.getMessage());
        }
    }
</source>
<source file="Group13_source/frontend/View.java" startline="80" endline="88" pcid="173">
    private void beginManagerSettings() {
	try {
            ManagerSettingsController managerSettings = 
		    (ManagerSettingsController) sceneTransition("ManagerSettings.fxml");
	    managerSettings.setApp(instance);
        } catch (Exception e) {
            System.out.println(e.getMessage());
        }
    }
</source>
<source file="Group13_source/frontend/View.java" startline="71" endline="78" pcid="172">
    private void beginLogin() {
        try {
            LoginPageController login = (LoginPageController) sceneTransition("LoginPage.fxml");
            login.setApp(instance);
        } catch (Exception e) {
            System.out.println(e.getMessage());
        }
    }
</source>
<source file="Group13_source/frontend/View.java" startline="62" endline="69" pcid="171">
    private void beginMessages(){
        try {
            MessagesPageController message = (MessagesPageController) sceneTransition("MessagesPage.fxml");
            message.setApp(instance);
        } catch (Exception e) {
            System.out.println(e.getMessage());
        }
    }
</source>
</class>

</clones>
