<clones>
<systeminfo  system="Group13_source" granularity="functions-consistent" threshold="30%" minlines="5" maxlines="500"/>
<classinfo npcs="201" nclones="10" nfragments="14" npairs="31" nclasses="4"/>
<runinfo ncompares="863" cputime="0"/>

<class id="1" nlines="14" nfragments="2">
<source file="Group13_source/frontend/DummyController.java" startline="18" endline="35" pcid="167">
    public static byte[] getHash(String username) {
	byte[] returnHash = null;
	
	try {
	    MessageDigest md = MessageDigest.getInstance("SHA-256");
	     md.update(username.getBytes());
	     returnHash = md.digest();
	     
	     if(returnHash == null) {
		 throw new RuntimeException(
			 "ReturnHash null in DummyController");
	     }
	} catch (NoSuchAlgorithmException nsae) {
	    System.out.println("Exception: " + nsae);
	}
	
	return returnHash;
    }
</source>
<source file="Group13_source/frontend/Input.java" startline="219" endline="235" pcid="140">
    public static byte[] createHash(String password) {
	byte[] returnHash = null;
	
	try {
	    MessageDigest md = MessageDigest.getInstance("SHA-256");
	    md.update(password.getBytes());
	    returnHash = md.digest();
	     
	    if(returnHash == null) {
		throw new RuntimeException("ReturnHash null in DummyController");
	    }
	} catch (NoSuchAlgorithmException nsae) {
	    System.out.println("Exception: " + nsae);
	}
	
	return returnHash;
    }
</source>
</class>

<class id="2" nlines="8" nfragments="8">
<source file="Group13_source/frontend/View.java" startline="129" endline="137" pcid="178">
    private void beginSwapShift()
    {
	try {
            SwapShiftController swapShift = (SwapShiftController) sceneTransition("SwapShift.fxml");
            swapShift.setApp(instance);
        } catch (Exception e) {
            System.out.println(e.getMessage());
        }
    }
</source>
<source file="Group13_source/frontend/View.java" startline="120" endline="127" pcid="177">
    private void beginTakeShift() {
        try {
            TakePageController take = (TakePageController) sceneTransition("TakePage.fxml");
            take.setApp(instance);
        } catch (Exception e) {
            System.out.println(e.getMessage());
        }
    }
</source>
<source file="Group13_source/frontend/View.java" startline="110" endline="118" pcid="176">
    private void beginNewMessage() {
	try {
            NewMessagePageController message = 
		    (NewMessagePageController) sceneTransition("NewMessagePage.fxml");
            message.setApp(instance);
        } catch (Exception e) {
            System.out.println(e.getMessage());
        }
    }
</source>
<source file="Group13_source/frontend/View.java" startline="100" endline="108" pcid="175">
    private void beginHomescreen() {
	try {
            FXMLProntPageController homescreen = 
		    (FXMLProntPageController) sceneTransition("FXMLProntPage.fxml");
            homescreen.setApp(instance);
        } catch (Exception e) {
            System.out.println(e.getMessage());
        }
    }
</source>
<source file="Group13_source/frontend/View.java" startline="90" endline="98" pcid="174">
    private void beginCalendar() {
	try {
            FXMLCalendarController calendar = 
		    (FXMLCalendarController) sceneTransition("CalendarPage.fxml");
            calendar.setApp(instance);
        } catch (Exception e) {
            System.out.println(e.getMessage());
        }
    }
</source>
<source file="Group13_source/frontend/View.java" startline="80" endline="88" pcid="173">
    private void beginManagerSettings() {
	try {
            ManagerSettingsController managerSettings = 
		    (ManagerSettingsController) sceneTransition("ManagerSettings.fxml");
	    managerSettings.setApp(instance);
        } catch (Exception e) {
            System.out.println(e.getMessage());
        }
    }
</source>
<source file="Group13_source/frontend/View.java" startline="71" endline="78" pcid="172">
    private void beginLogin() {
        try {
            LoginPageController login = (LoginPageController) sceneTransition("LoginPage.fxml");
            login.setApp(instance);
        } catch (Exception e) {
            System.out.println(e.getMessage());
        }
    }
</source>
<source file="Group13_source/frontend/View.java" startline="62" endline="69" pcid="171">
    private void beginMessages(){
        try {
            MessagesPageController message = (MessagesPageController) sceneTransition("MessagesPage.fxml");
            message.setApp(instance);
        } catch (Exception e) {
            System.out.println(e.getMessage());
        }
    }
</source>
</class>

<class id="3" nlines="8" nfragments="2">
<source file="Group13_source/frontend/Input.java" startline="123" endline="134" pcid="135">
    public static void changeEmployeeAccessLevel(String username, int newAccessLevel)
    {
        Request changeAccessLevelRequest = Request.ChangeAccessLevelRequest(username, newAccessLevel);
        try
        {
            controller.sendRequest(changeAccessLevelRequest);
        }
        catch(SQLException exception)
        {
            System.out.println("Exception in changeEmployeeAccessLevel with message: " + exception.getMessage());
        }    
    }
</source>
<source file="Group13_source/frontend/Input.java" startline="426" endline="437" pcid="152">
   public static void getWorkerLogin (String firstName, String lastName){
	   //TODO need request for this
	   Request getLogin = Request.GetUserLoginRequest(firstName, lastName);
       try
       {
           controller.sendRequest(getLogin);
       }
       catch(SQLException exception)
       {
           System.out.println("Message couldn't be sent, error is: " + exception.getMessage());
       }
   }
</source>
</class>

<class id="4" nlines="8" nfragments="2">
<source file="Group13_source/frontend/Input.java" startline="410" endline="421" pcid="151">
   public static void getWorkerInfo (String login){
	   //TODO need request for this
       Request getInfo = Request.GetUserInfoRequest(login);
       try
       {
           controller.sendRequest(getInfo);
       }
       catch(SQLException exception)
       {
           System.out.println("Message couldn't be sent, error is: " + exception.getMessage());
       }
   }
</source>
<source file="Group13_source/frontend/Input.java" startline="140" endline="151" pcid="136">
    public static void removeEmployee(String username)
    {
        Request removeEmployeeRequest = Request.DeleteRequest("PLACEHOLDER", username);
        try
        {
            controller.sendRequest(removeEmployeeRequest);
        }
        catch(SQLException exception)
        {
            System.out.println("Exception in removeEmployee with message: " + exception.getMessage());
        }    
    }
</source>
</class>

</clones>
