<clones>
<systeminfo  system="Group13_source" granularity="functions-consistent" threshold="0%" minlines="5" maxlines="500"/>
<classinfo npcs="201" nclones="1" nfragments="2" npairs="1" nclasses="1"/>
<runinfo ncompares="201" cputime="0"/>

<class id="1" nlines="14" nfragments="2">
<source file="Group13_source/frontend/DummyController.java" startline="18" endline="35" pcid="167"></source>
<source file="Group13_source/frontend/Input.java" startline="219" endline="235" pcid="140"></source>
</class>

</clones>
