<clones>
<systeminfo  system="Group13_source" granularity="functions-consistent" threshold="10%" minlines="5" maxlines="500"/>
<classinfo npcs="201" nclones="1" nfragments="2" npairs="1" nclasses="1"/>
<runinfo ncompares="317" cputime="0"/>

<class id="1" nlines="14" nfragments="2">
<source file="Group13_source/frontend/DummyController.java" startline="18" endline="35" pcid="167">
    public static byte[] getHash(String username) {
	byte[] returnHash = null;
	
	try {
	    MessageDigest md = MessageDigest.getInstance("SHA-256");
	     md.update(username.getBytes());
	     returnHash = md.digest();
	     
	     if(returnHash == null) {
		 throw new RuntimeException(
			 "ReturnHash null in DummyController");
	     }
	} catch (NoSuchAlgorithmException nsae) {
	    System.out.println("Exception: " + nsae);
	}
	
	return returnHash;
    }
</source>
<source file="Group13_source/frontend/Input.java" startline="219" endline="235" pcid="140">
    public static byte[] createHash(String password) {
	byte[] returnHash = null;
	
	try {
	    MessageDigest md = MessageDigest.getInstance("SHA-256");
	    md.update(password.getBytes());
	    returnHash = md.digest();
	     
	    if(returnHash == null) {
		throw new RuntimeException("ReturnHash null in DummyController");
	    }
	} catch (NoSuchAlgorithmException nsae) {
	    System.out.println("Exception: " + nsae);
	}
	
	return returnHash;
    }
</source>
</class>

</clones>
