<clones>
<systeminfo  system="Group13_source" granularity="blocks" threshold="30%" minlines="5" maxlines="500"/>
<classinfo npcs="388" nclones="15" nfragments="21" npairs="40" nclasses="6"/>
<runinfo ncompares="2502" cputime="0"/>

<class id="1" nlines="15" nfragments="2">
<source file="Group13_source/frontend/DummyController.java" startline="18" endline="35" pcid="303"></source>
<source file="Group13_source/frontend/Input.java" startline="219" endline="235" pcid="243"></source>
</class>

<class id="2" nlines="15" nfragments="2">
<source file="Group13_source/frontend/FXMLCalendarController.java" startline="86" endline="101" pcid="188"></source>
<source file="Group13_source/frontend/FXMLProntPageController.java" startline="89" endline="102" pcid="194"></source>
</class>

<class id="3" nlines="12" nfragments="2">
<source file="Group13_source/frontend/Input.java" startline="262" endline="273" pcid="250"></source>
<source file="Group13_source/frontend/Input.java" startline="292" endline="304" pcid="254"></source>
</class>

<class id="4" nlines="9" nfragments="3">
<source file="Group13_source/frontend/Input.java" startline="329" endline="339" pcid="260"></source>
<source file="Group13_source/frontend/Input.java" startline="410" endline="421" pcid="272"></source>
<source file="Group13_source/frontend/Input.java" startline="426" endline="437" pcid="275"></source>
</class>

<class id="5" nlines="9" nfragments="8">
<source file="Group13_source/frontend/View.java" startline="130" endline="137" pcid="333"></source>
<source file="Group13_source/frontend/View.java" startline="120" endline="127" pcid="330"></source>
<source file="Group13_source/frontend/View.java" startline="110" endline="118" pcid="327"></source>
<source file="Group13_source/frontend/View.java" startline="100" endline="108" pcid="324"></source>
<source file="Group13_source/frontend/View.java" startline="90" endline="98" pcid="321"></source>
<source file="Group13_source/frontend/View.java" startline="80" endline="88" pcid="318"></source>
<source file="Group13_source/frontend/View.java" startline="71" endline="78" pcid="315"></source>
<source file="Group13_source/frontend/View.java" startline="62" endline="69" pcid="312"></source>
</class>

<class id="6" nlines="7" nfragments="4">
<source file="Group13_source/controller/Controller.java" startline="512" endline="518" pcid="121"></source>
<source file="Group13_source/controller/Controller.java" startline="505" endline="511" pcid="119"></source>
<source file="Group13_source/controller/Controller.java" startline="519" endline="525" pcid="123"></source>
<source file="Group13_source/controller/Controller.java" startline="526" endline="532" pcid="125"></source>
</class>

</clones>
