<clones>
<systeminfo  system="Group13_source" granularity="blocks" threshold="0%" minlines="5" maxlines="500"/>
<classinfo npcs="388" nclones="1" nfragments="2" npairs="1" nclasses="1"/>
<runinfo ncompares="637" cputime="20000"/>

<class id="1" nlines="10" nfragments="2">
<source file="Group13_source/frontend/FXMLCalendarController.java" startline="90" endline="99" pcid="189"></source>
<source file="Group13_source/frontend/FXMLProntPageController.java" startline="92" endline="101" pcid="195"></source>
</class>

</clones>
