<clones>
<systeminfo  system="Group13_source" granularity="blocks" threshold="30%" minlines="5" maxlines="500"/>
<classinfo npcs="388" nclones="15" nfragments="21" npairs="40" nclasses="6"/>
<runinfo ncompares="2502" cputime="0"/>

<class id="1" nlines="15" nfragments="2">
<source file="Group13_source/frontend/DummyController.java" startline="18" endline="35" pcid="303">
    public static byte[] getHash(String username) {
	byte[] returnHash = null;
	
	try {
	    MessageDigest md = MessageDigest.getInstance("SHA-256");
	     md.update(username.getBytes());
	     returnHash = md.digest();
	     
	     if(returnHash == null) {
		 throw new RuntimeException(
			 "ReturnHash null in DummyController");
	     }
	} catch (NoSuchAlgorithmException nsae) {
	    System.out.println("Exception: " + nsae);
	}
	
	return returnHash;
    }
</source>
<source file="Group13_source/frontend/Input.java" startline="219" endline="235" pcid="243">
    public static byte[] createHash(String password) {
	byte[] returnHash = null;
	
	try {
	    MessageDigest md = MessageDigest.getInstance("SHA-256");
	    md.update(password.getBytes());
	    returnHash = md.digest();
	     
	    if(returnHash == null) {
		throw new RuntimeException("ReturnHash null in DummyController");
	    }
	} catch (NoSuchAlgorithmException nsae) {
	    System.out.println("Exception: " + nsae);
	}
	
	return returnHash;
    }
</source>
</class>

<class id="2" nlines="15" nfragments="2">
<source file="Group13_source/frontend/FXMLCalendarController.java" startline="86" endline="101" pcid="188">
    {
       day.clear();
       day.appendText((index+1)+"\n");
       while(weeklySchedule.get(index).size()>0)
       {
           Timestamp temp=weeklySchedule.get(index).remove();
           String parse=temp.toString();
           parse=parse.substring(11, 16);
           day.appendText(parse+"-");
           temp=weeklySchedule.get(index).remove();
           parse=temp.toString();
           parse=parse.substring(11, 16);
           day.appendText(parse+"\n");
       }
       return day;
    }
</source>
<source file="Group13_source/frontend/FXMLProntPageController.java" startline="89" endline="102" pcid="194">
    {
       day.clear();
       while(weeklySchedule.get(index).size()>0)
       {
           Timestamp temp=weeklySchedule.get(index).remove();
           String parse=temp.toString();
           parse=parse.substring(11, 16);
           day.appendText(parse+"-");
           temp=weeklySchedule.get(index).remove();
           parse=temp.toString();
           parse=parse.substring(11, 16);
           day.appendText(parse+"\n");
       }
    }
</source>
</class>

<class id="3" nlines="12" nfragments="2">
<source file="Group13_source/frontend/Input.java" startline="262" endline="273" pcid="250">
    public static void createTakeRequest(String initLogin, String finalLogin, Timestamp[] finalshiftStartEnd){
    	Request request = null;
        Timestamp[] temp={finalshiftStartEnd[0],finalshiftStartEnd[1],null,null};
    	request = Request.TradeRequest(initLogin, finalLogin, temp);
    	try {
			controller.sendRequest(request);
		} catch (SQLException e) {
			System.out.println("createTakeRequest just got smoked");
			e.printStackTrace();
		}
		
    }
</source>
<source file="Group13_source/frontend/Input.java" startline="292" endline="304" pcid="254">
    public static void createTradeRequest(String initLogin, Timestamp[] shiftStartEnd, String finalLogin, Timestamp[] finalshiftStartEnd){
    	Request request = null;
    	request = Request.TradeRequest(initLogin, finalLogin, timestampArrayMerge(shiftStartEnd, finalshiftStartEnd));
    	try {
			controller.sendRequest(request);
		} catch (SQLException e) {
			System.out.println("createTradeRequest just got smoked");
			e.printStackTrace();
		}
		/** Sample SQL for creating a take traderequest 
    	 * INSERT INTO shifttransaction (initlogin, initshiftstart, initshiftend, finallogin, finalshiftstart, finalshiftend, finalsign, managersign, transactiontype),
    	 * 	VALUES (initLogin, shiftStartEnd[0], shiftStartEnd[1], finalLogin, finalshiftStartEnd[0], finalshiftStartEnd[1], TRUE, TRUE, "TAKE"); */
    }
</source>
</class>

<class id="4" nlines="9" nfragments="3">
<source file="Group13_source/frontend/Input.java" startline="329" endline="339" pcid="260">
    {
        Request messageRequest = Request.SendMessageRequest(sender, recipent, message);
        try
        {
            controller.sendRequest(messageRequest);
        }
        catch(SQLException exception)
        {
            System.out.println("Message couldn't be sent, error is: " + exception.getMessage());
        }
    }
</source>
<source file="Group13_source/frontend/Input.java" startline="410" endline="421" pcid="272">
   public static void getWorkerInfo (String login){
	   //TODO need request for this
       Request getInfo = Request.GetUserInfoRequest(login);
       try
       {
           controller.sendRequest(getInfo);
       }
       catch(SQLException exception)
       {
           System.out.println("Message couldn't be sent, error is: " + exception.getMessage());
       }
   }
</source>
<source file="Group13_source/frontend/Input.java" startline="426" endline="437" pcid="275">
   public static void getWorkerLogin (String firstName, String lastName){
	   //TODO need request for this
	   Request getLogin = Request.GetUserLoginRequest(firstName, lastName);
       try
       {
           controller.sendRequest(getLogin);
       }
       catch(SQLException exception)
       {
           System.out.println("Message couldn't be sent, error is: " + exception.getMessage());
       }
   }
</source>
</class>

<class id="5" nlines="9" nfragments="8">
<source file="Group13_source/frontend/View.java" startline="130" endline="137" pcid="333">
    {
	try {
            SwapShiftController swapShift = (SwapShiftController) sceneTransition("SwapShift.fxml");
            swapShift.setApp(instance);
        } catch (Exception e) {
            System.out.println(e.getMessage());
        }
    }
</source>
<source file="Group13_source/frontend/View.java" startline="120" endline="127" pcid="330">
    private void beginTakeShift() {
        try {
            TakePageController take = (TakePageController) sceneTransition("TakePage.fxml");
            take.setApp(instance);
        } catch (Exception e) {
            System.out.println(e.getMessage());
        }
    }
</source>
<source file="Group13_source/frontend/View.java" startline="110" endline="118" pcid="327">
    private void beginNewMessage() {
	try {
            NewMessagePageController message = 
		    (NewMessagePageController) sceneTransition("NewMessagePage.fxml");
            message.setApp(instance);
        } catch (Exception e) {
            System.out.println(e.getMessage());
        }
    }
</source>
<source file="Group13_source/frontend/View.java" startline="100" endline="108" pcid="324">
    private void beginHomescreen() {
	try {
            FXMLProntPageController homescreen = 
		    (FXMLProntPageController) sceneTransition("FXMLProntPage.fxml");
            homescreen.setApp(instance);
        } catch (Exception e) {
            System.out.println(e.getMessage());
        }
    }
</source>
<source file="Group13_source/frontend/View.java" startline="90" endline="98" pcid="321">
    private void beginCalendar() {
	try {
            FXMLCalendarController calendar = 
		    (FXMLCalendarController) sceneTransition("CalendarPage.fxml");
            calendar.setApp(instance);
        } catch (Exception e) {
            System.out.println(e.getMessage());
        }
    }
</source>
<source file="Group13_source/frontend/View.java" startline="80" endline="88" pcid="318">
    private void beginManagerSettings() {
	try {
            ManagerSettingsController managerSettings = 
		    (ManagerSettingsController) sceneTransition("ManagerSettings.fxml");
	    managerSettings.setApp(instance);
        } catch (Exception e) {
            System.out.println(e.getMessage());
        }
    }
</source>
<source file="Group13_source/frontend/View.java" startline="71" endline="78" pcid="315">
    private void beginLogin() {
        try {
            LoginPageController login = (LoginPageController) sceneTransition("LoginPage.fxml");
            login.setApp(instance);
        } catch (Exception e) {
            System.out.println(e.getMessage());
        }
    }
</source>
<source file="Group13_source/frontend/View.java" startline="62" endline="69" pcid="312">
    private void beginMessages(){
        try {
            MessagesPageController message = (MessagesPageController) sceneTransition("MessagesPage.fxml");
            message.setApp(instance);
        } catch (Exception e) {
            System.out.println(e.getMessage());
        }
    }
</source>
</class>

<class id="6" nlines="7" nfragments="4">
<source file="Group13_source/controller/Controller.java" startline="512" endline="518" pcid="121">
        if(accesslevel != -1){
            if(needComma == true){
                    ret = ret + ", ";
            }
            ret = ret+ "empaccesslevel = '"+ accesslevel +"' ";
            needComma = true;
        }
</source>
<source file="Group13_source/controller/Controller.java" startline="505" endline="511" pcid="119">
        if(lastName != null){
            if(needComma == true){
                    ret = ret + ", ";
            }
            ret = ret+ "emplastname = '"+ lastName +"' ";
            needComma = true;
        }
</source>
<source file="Group13_source/controller/Controller.java" startline="519" endline="525" pcid="123">
        if(email != null){
            if(needComma == true) {
                    ret = ret + ", ";
            }
            ret = ret+ "empemail = '"+ email +"' ";
            needComma = true;
        }
</source>
<source file="Group13_source/controller/Controller.java" startline="526" endline="532" pcid="125">
        if(wage >= 0){
            if(needComma == true){
                    ret = ret + ", ";
            }
            ret = ret+ "empwage = '"+ wage +"' ";
            needComma = true;
        }        
</source>
</class>

</clones>
