<clones>
<systeminfo  system="Group13_source" granularity="blocks" threshold="10%" minlines="5" maxlines="500"/>
<classinfo npcs="388" nclones="2" nfragments="4" npairs="2" nclasses="2"/>
<runinfo ncompares="1065" cputime="0"/>

<class id="1" nlines="15" nfragments="2">
<source file="Group13_source/frontend/DummyController.java" startline="18" endline="35" pcid="303"></source>
<source file="Group13_source/frontend/Input.java" startline="219" endline="235" pcid="243"></source>
</class>

<class id="2" nlines="10" nfragments="2">
<source file="Group13_source/frontend/FXMLCalendarController.java" startline="90" endline="99" pcid="189"></source>
<source file="Group13_source/frontend/FXMLProntPageController.java" startline="92" endline="101" pcid="195"></source>
</class>

</clones>
