<clones>
<systeminfo  system="Group13_source" granularity="blocks" threshold="20%" minlines="5" maxlines="500"/>
<classinfo npcs="388" nclones="6" nfragments="10" npairs="9" nclasses="4"/>
<runinfo ncompares="2050" cputime="0"/>

<class id="1" nlines="15" nfragments="2">
<source file="Group13_source/frontend/DummyController.java" startline="18" endline="35" pcid="303">
    public static byte[] getHash(String username) {
	byte[] returnHash = null;
	
	try {
	    MessageDigest md = MessageDigest.getInstance("SHA-256");
	     md.update(username.getBytes());
	     returnHash = md.digest();
	     
	     if(returnHash == null) {
		 throw new RuntimeException(
			 "ReturnHash null in DummyController");
	     }
	} catch (NoSuchAlgorithmException nsae) {
	    System.out.println("Exception: " + nsae);
	}
	
	return returnHash;
    }
</source>
<source file="Group13_source/frontend/Input.java" startline="219" endline="235" pcid="243">
    public static byte[] createHash(String password) {
	byte[] returnHash = null;
	
	try {
	    MessageDigest md = MessageDigest.getInstance("SHA-256");
	    md.update(password.getBytes());
	    returnHash = md.digest();
	     
	    if(returnHash == null) {
		throw new RuntimeException("ReturnHash null in DummyController");
	    }
	} catch (NoSuchAlgorithmException nsae) {
	    System.out.println("Exception: " + nsae);
	}
	
	return returnHash;
    }
</source>
</class>

<class id="2" nlines="15" nfragments="2">
<source file="Group13_source/frontend/FXMLCalendarController.java" startline="86" endline="101" pcid="188">
    {
       day.clear();
       day.appendText((index+1)+"\n");
       while(weeklySchedule.get(index).size()>0)
       {
           Timestamp temp=weeklySchedule.get(index).remove();
           String parse=temp.toString();
           parse=parse.substring(11, 16);
           day.appendText(parse+"-");
           temp=weeklySchedule.get(index).remove();
           parse=temp.toString();
           parse=parse.substring(11, 16);
           day.appendText(parse+"\n");
       }
       return day;
    }
</source>
<source file="Group13_source/frontend/FXMLProntPageController.java" startline="89" endline="102" pcid="194">
    {
       day.clear();
       while(weeklySchedule.get(index).size()>0)
       {
           Timestamp temp=weeklySchedule.get(index).remove();
           String parse=temp.toString();
           parse=parse.substring(11, 16);
           day.appendText(parse+"-");
           temp=weeklySchedule.get(index).remove();
           parse=temp.toString();
           parse=parse.substring(11, 16);
           day.appendText(parse+"\n");
       }
    }
</source>
</class>

<class id="3" nlines="9" nfragments="2">
<source file="Group13_source/frontend/View.java" startline="110" endline="118" pcid="327">
    private void beginNewMessage() {
	try {
            NewMessagePageController message = 
		    (NewMessagePageController) sceneTransition("NewMessagePage.fxml");
            message.setApp(instance);
        } catch (Exception e) {
            System.out.println(e.getMessage());
        }
    }
</source>
<source file="Group13_source/frontend/View.java" startline="62" endline="69" pcid="312">
    private void beginMessages(){
        try {
            MessagesPageController message = (MessagesPageController) sceneTransition("MessagesPage.fxml");
            message.setApp(instance);
        } catch (Exception e) {
            System.out.println(e.getMessage());
        }
    }
</source>
</class>

<class id="4" nlines="7" nfragments="4">
<source file="Group13_source/controller/Controller.java" startline="512" endline="518" pcid="121">
        if(accesslevel != -1){
            if(needComma == true){
                    ret = ret + ", ";
            }
            ret = ret+ "empaccesslevel = '"+ accesslevel +"' ";
            needComma = true;
        }
</source>
<source file="Group13_source/controller/Controller.java" startline="505" endline="511" pcid="119">
        if(lastName != null){
            if(needComma == true){
                    ret = ret + ", ";
            }
            ret = ret+ "emplastname = '"+ lastName +"' ";
            needComma = true;
        }
</source>
<source file="Group13_source/controller/Controller.java" startline="519" endline="525" pcid="123">
        if(email != null){
            if(needComma == true) {
                    ret = ret + ", ";
            }
            ret = ret+ "empemail = '"+ email +"' ";
            needComma = true;
        }
</source>
<source file="Group13_source/controller/Controller.java" startline="526" endline="532" pcid="125">
        if(wage >= 0){
            if(needComma == true){
                    ret = ret + ", ";
            }
            ret = ret+ "empwage = '"+ wage +"' ";
            needComma = true;
        }        
</source>
</class>

</clones>
