<clones>
<systeminfo  system="Group13_source" granularity="blocks" threshold="20%" minlines="5" maxlines="500"/>
<classinfo npcs="388" nclones="6" nfragments="10" npairs="9" nclasses="4"/>
<runinfo ncompares="2050" cputime="0"/>

<class id="1" nlines="15" nfragments="2">
<source file="Group13_source/frontend/DummyController.java" startline="18" endline="35" pcid="303"></source>
<source file="Group13_source/frontend/Input.java" startline="219" endline="235" pcid="243"></source>
</class>

<class id="2" nlines="15" nfragments="2">
<source file="Group13_source/frontend/FXMLCalendarController.java" startline="86" endline="101" pcid="188"></source>
<source file="Group13_source/frontend/FXMLProntPageController.java" startline="89" endline="102" pcid="194"></source>
</class>

<class id="3" nlines="9" nfragments="2">
<source file="Group13_source/frontend/View.java" startline="110" endline="118" pcid="327"></source>
<source file="Group13_source/frontend/View.java" startline="62" endline="69" pcid="312"></source>
</class>

<class id="4" nlines="7" nfragments="4">
<source file="Group13_source/controller/Controller.java" startline="512" endline="518" pcid="121"></source>
<source file="Group13_source/controller/Controller.java" startline="505" endline="511" pcid="119"></source>
<source file="Group13_source/controller/Controller.java" startline="519" endline="525" pcid="123"></source>
<source file="Group13_source/controller/Controller.java" startline="526" endline="532" pcid="125"></source>
</class>

</clones>
