<clones>
<systeminfo  system="Group13_source" granularity="functions" threshold="20%" minlines="5" maxlines="500"/>
<classinfo npcs="201" nclones="2" nfragments="4" npairs="2" nclasses="2"/>
<runinfo ncompares="652" cputime="0"/>

<class id="1" nlines="15" nfragments="2">
<source file="Group13_source/frontend/FXMLCalendarController.java" startline="85" endline="101" pcid="110">
    private TextArea populateSchedule(LinkedList<LinkedList<Timestamp>> weeklySchedule,int index,TextArea day)
    {
       day.clear();
       day.appendText((index+1)+"\n");
       while(weeklySchedule.get(index).size()>0)
       {
           Timestamp temp=weeklySchedule.get(index).remove();
           String parse=temp.toString();
           parse=parse.substring(11, 16);
           day.appendText(parse+"-");
           temp=weeklySchedule.get(index).remove();
           parse=temp.toString();
           parse=parse.substring(11, 16);
           day.appendText(parse+"\n");
       }
       return day;
    }
</source>
<source file="Group13_source/frontend/FXMLProntPageController.java" startline="88" endline="102" pcid="115">
    private void populateSchedule(LinkedList<LinkedList<Timestamp>> weeklySchedule,int index,TextArea day)
    {
       day.clear();
       while(weeklySchedule.get(index).size()>0)
       {
           Timestamp temp=weeklySchedule.get(index).remove();
           String parse=temp.toString();
           parse=parse.substring(11, 16);
           day.appendText(parse+"-");
           temp=weeklySchedule.get(index).remove();
           parse=temp.toString();
           parse=parse.substring(11, 16);
           day.appendText(parse+"\n");
       }
    }
</source>
</class>

<class id="2" nlines="14" nfragments="2">
<source file="Group13_source/frontend/Input.java" startline="219" endline="235" pcid="140">
    public static byte[] createHash(String password) {
	byte[] returnHash = null;
	
	try {
	    MessageDigest md = MessageDigest.getInstance("SHA-256");
	    md.update(password.getBytes());
	    returnHash = md.digest();
	     
	    if(returnHash == null) {
		throw new RuntimeException("ReturnHash null in DummyController");
	    }
	} catch (NoSuchAlgorithmException nsae) {
	    System.out.println("Exception: " + nsae);
	}
	
	return returnHash;
    }
</source>
<source file="Group13_source/frontend/DummyController.java" startline="18" endline="35" pcid="167">
    public static byte[] getHash(String username) {
	byte[] returnHash = null;
	
	try {
	    MessageDigest md = MessageDigest.getInstance("SHA-256");
	     md.update(username.getBytes());
	     returnHash = md.digest();
	     
	     if(returnHash == null) {
		 throw new RuntimeException(
			 "ReturnHash null in DummyController");
	     }
	} catch (NoSuchAlgorithmException nsae) {
	    System.out.println("Exception: " + nsae);
	}
	
	return returnHash;
    }
</source>
</class>

</clones>
