<clones>
<systeminfo  system="Group13_source" granularity="functions" threshold="30%" minlines="5" maxlines="500"/>
<classinfo npcs="201" nclones="3" nfragments="6" npairs="3" nclasses="3"/>
<runinfo ncompares="924" cputime="0"/>

<class id="1" nlines="15" nfragments="2">
<source file="Group13_source/frontend/FXMLCalendarController.java" startline="85" endline="101" pcid="110"></source>
<source file="Group13_source/frontend/FXMLProntPageController.java" startline="88" endline="102" pcid="115"></source>
</class>

<class id="2" nlines="14" nfragments="2">
<source file="Group13_source/frontend/Input.java" startline="219" endline="235" pcid="140"></source>
<source file="Group13_source/frontend/DummyController.java" startline="18" endline="35" pcid="167"></source>
</class>

<class id="3" nlines="8" nfragments="2">
<source file="Group13_source/frontend/View.java" startline="110" endline="118" pcid="176"></source>
<source file="Group13_source/frontend/View.java" startline="62" endline="69" pcid="171"></source>
</class>

</clones>
