<source file="Group13_source/controller/RequestResults.java" startline="25" endline="27">
public RequestResults () {
}
</source>
<source file="Group13_source/controller/RequestResults.java" startline="33" endline="35">
void setShifts (Timestamp [] shifts) {
    this.shifts = shifts;
}
</source>
<source file="Group13_source/controller/RequestResults.java" startline="37" endline="39">
public Timestamp [] getShifts () {
    return shifts;
}
</source>
<source file="Group13_source/controller/RequestResults.java" startline="44" endline="46">
public boolean isApproved () {
    return approved;
}
</source>
<source file="Group13_source/controller/RequestResults.java" startline="51" endline="53">
public void setApproved (boolean approved) {
    this.approved = approved;
}
</source>
<source file="Group13_source/controller/RequestResults.java" startline="58" endline="60">
public String [] getNames () {
    return names;
}
</source>
<source file="Group13_source/controller/RequestResults.java" startline="65" endline="67">
public void setNames (String [] names) {
    this.names = names;
}
</source>
<source file="Group13_source/controller/RequestResults.java" startline="72" endline="74">
public String getMessages () {
    return messages;
}
</source>
<source file="Group13_source/controller/RequestResults.java" startline="79" endline="81">
public void setMessages (String messages) {
    this.messages = messages;
}
</source>
<source file="Group13_source/controller/RequestResults.java" startline="86" endline="88">
public int getAccessLevel () {
    return accessLevel;
}
</source>
<source file="Group13_source/controller/RequestResults.java" startline="93" endline="95">
public void setAccessLevel (int accessLevel) {
    this.accessLevel = accessLevel;
}
</source>
<source file="Group13_source/controller/RequestResults.java" startline="100" endline="102">
public Employee getEmployee () {
    return employee;
}
</source>
<source file="Group13_source/controller/RequestResults.java" startline="107" endline="109">
public void setEmployee (Employee employee) {
    this.employee = employee;
}
</source>
<source file="Group13_source/controller/Message.java" startline="27" endline="36">
public Message (String notification, byte [] password, Timestamp shift [], Employee employee, String manager, boolean approval) {
    if (shift != null && shift.length % 2 != 0) throw new IllegalArgumentException ("Shift must contain an even number of elements");

    this.password = password;
    this.notification = notification;
    this.shift = shift;
    this.employee = employee;
    this.manager = manager;
    this.approval = approval;
}
</source>
<source file="Group13_source/controller/Message.java" startline="38" endline="40">
public String getNotification () {
    return notification;
}
</source>
<source file="Group13_source/controller/Message.java" startline="42" endline="44">
public byte [] getPassword () {
    return password;
}
</source>
<source file="Group13_source/controller/Message.java" startline="46" endline="48">
public Timestamp [] getShifts () {
    return shift;
}
</source>
<source file="Group13_source/controller/Message.java" startline="50" endline="52">
public Employee getEmployee () {
    return employee;
}
</source>
<source file="Group13_source/controller/Message.java" startline="57" endline="59">
public boolean isApproved () {
    return approval;
}
</source>
<source file="Group13_source/controller/Message.java" startline="64" endline="66">
public String getManager () {
    return manager;
}
</source>
<source file="Group13_source/controller/Employee.java" startline="25" endline="39">
public Employee (String Id, String firstName, String lastName, int accessLevel, byte [] password, String email, float wage) {
    if (Id == null || Id.equals ("")) throw new IllegalArgumentException ("Invalid employee Id");

    if (firstName == null || firstName.equals ("")) throw new IllegalArgumentException ("Invalid First Name");

    if (lastName == null || lastName.equals ("")) throw new IllegalArgumentException ("Invalid Last Name");

    if (accessLevel > 3) throw new IllegalArgumentException ("accessLevel is out of range");

    if (wage < 0) throw new IllegalArgumentException ("Wage must be a positive number");

    this.Id = Id;
    this.firstName = firstName;
    this.lastName = lastName;
    this.accessLevel = accessLevel;
    this.password = password;
    this.email = email;
    this.wage = wage;
}
</source>
<source file="Group13_source/controller/Employee.java" startline="44" endline="46">
public String getId () {
    return Id;
}
</source>
<source file="Group13_source/controller/Employee.java" startline="51" endline="53">
public String getFirstName () {
    return firstName;
}
</source>
<source file="Group13_source/controller/Employee.java" startline="58" endline="60">
public String getLastName () {
    return lastName;
}
</source>
<source file="Group13_source/controller/Employee.java" startline="65" endline="67">
public int getAccessLevel () {
    return accessLevel;
}
</source>
<source file="Group13_source/controller/Employee.java" startline="72" endline="74">
public byte [] getPassword () {
    return password;
}
</source>
<source file="Group13_source/controller/Employee.java" startline="79" endline="81">
public String getEmail () {
    return email;
}
</source>
<source file="Group13_source/controller/Employee.java" startline="86" endline="88">
public float getWage () {
    return wage;
}
</source>
<source file="Group13_source/controller/Request.java" startline="39" endline="45">
public Request (String sender, String recipient, Message message, RequestType mode) {
    this.sender = sender;
    this.recipient = recipient;
    this.message = message;
    this.mode = mode;
}
</source>
<source file="Group13_source/controller/Request.java" startline="49" endline="52">
public static Request LoginRequest (String username, byte [] password) {
    Message message = new Message (null, password, null, null, null, false);
    return new Request (username, null, message, RequestType.LOGIN);
}
</source>
<source file="Group13_source/controller/Request.java" startline="54" endline="57">
public static Request GetGivesListRequest () {
    return new Request (null, null, null, RequestType.GIVELIST);
}
</source>
<source file="Group13_source/controller/Request.java" startline="59" endline="62">
public static Request GetMessagesRequest (String sender) {
    return new Request (sender, null, null, RequestType.MESSAGES);
}
</source>
<source file="Group13_source/controller/Request.java" startline="64" endline="68">
public static Request SendMessageRequest (String sender, String recipient, String message) {
    Message newMessage = new Message (message, null, null, null, null, false);
    return new Request (sender, recipient, newMessage, RequestType.SEND_MESSAGE);
}
</source>
<source file="Group13_source/controller/Request.java" startline="70" endline="72">
public static Request ShiftRequest (String username) {
    return new Request (username, null, null, RequestType.SCHEDULE);
}
</source>
<source file="Group13_source/controller/Request.java" startline="74" endline="77">
public static Request CreateRequest (String sender, Employee employee) {
    Message message = new Message (null, null, null, employee, null, false);
    return new Request (sender, null, message, RequestType.CREATE);
}
</source>
<source file="Group13_source/controller/Request.java" startline="79" endline="81">
public static Request DeleteRequest (String sender, String toBeRemoved) {
    return new Request (sender, toBeRemoved, null, RequestType.DELETE);
}
</source>
<source file="Group13_source/controller/Request.java" startline="83" endline="86">
public static Request GiveRequest (String sender, Timestamp [] times) {
    Message message = new Message (null, null, times, null, null, false);
    return new Request (sender, null, message, RequestType.GIVE);
}
</source>
<source file="Group13_source/controller/Request.java" startline="97" endline="100">
public static Request TradeRequest (String sender, String recipient, Timestamp [] shifts) {
    Message message = new Message (null, null, shifts, null, null, false);
    return new Request (sender, recipient, message, RequestType.TRADE);
}
</source>
<source file="Group13_source/controller/Request.java" startline="102" endline="106">
public static Request AcceptRequest (String asker, String accepter, Timestamp [] shifts, boolean accepted) {
    Message message = new Message (null, null, shifts, null, null, accepted);
    return new Request (asker, accepter, message, RequestType.ACCEPT);
}
</source>
<source file="Group13_source/controller/Request.java" startline="108" endline="112">
public static Request ApproveRequest (String asker, String accepter, String approver, Timestamp [] shifts, boolean approved) {
    Message message = new Message (null, null, shifts, null, approver, approved);
    return new Request (null, null, message, RequestType.APPROVE);
}
</source>
<source file="Group13_source/controller/Request.java" startline="114" endline="117">
public static Request UsernameValidateRequest (String username) {
    return new Request (username, null, null, RequestType.VALIDATE);
}
</source>
<source file="Group13_source/controller/Request.java" startline="119" endline="124">
public static Request ShiftRangeRequest (String username, Timestamp start, Timestamp end) {
    Timestamp [] shifts = {start, end};
    Message message = new Message (null, null, shifts, null, null, false);
    return new Request (username, null, message, RequestType.SHIFT_RANGE);
}
</source>
<source file="Group13_source/controller/Request.java" startline="132" endline="136">
public static Request ChangePasswordRequest (String username, byte [] newPassword) {
    Message message = new Message (null, newPassword, null, null, null, false);
    return new Request (username, null, message, RequestType.PASSWORD_CHANGE);
}
</source>
<source file="Group13_source/controller/Request.java" startline="149" endline="154">
public static Request ModifyEmployeeInfoRequest (String userToBeChanged, String newFirstName, String newLastName, String newEmail, int newAccessLevel, float newWage) {
    Employee employee = new Employee (userToBeChanged, newFirstName, newLastName, newAccessLevel, null, newEmail, newWage);
    Message message = new Message (null, null, null, employee, null, false);
    return new Request (null, null, message, RequestType.UPDATE_EMPLOYEE);
}
</source>
<source file="Group13_source/controller/Request.java" startline="165" endline="170">
public static Request ChangeAccessLevelRequest (String username, int newAccesslevel) {
    Employee employee = new Employee (username, " ", " ", newAccesslevel, null, null, 0);
    Message message = new Message (null, null, null, employee, null, false);
    return new Request (username, null, message, RequestType.ACCESS_UPDATE);
}
</source>
<source file="Group13_source/controller/Request.java" startline="172" endline="175">
public static Request GetAccessLevelRequest (String username) {
    return new Request (username, null, null, RequestType.ACCESS_LEVEL);
}
</source>
<source file="Group13_source/controller/Request.java" startline="177" endline="180">
public static Request GetUserInfoRequest (String username) {
    return new Request (username, null, null, RequestType.USER_INFO);
}
</source>
<source file="Group13_source/controller/Request.java" startline="188" endline="192">
public static Request changeEmployeesManagerRequest (String employeeLoginID, String managerLoginID) {
    Message message = new Message (null, null, null, null, managerLoginID, false);
    return new Request (employeeLoginID, null, message, RequestType.MANAGER_CHANGE);
}
</source>
<source file="Group13_source/controller/Request.java" startline="199" endline="206">
public static Request assignShiftsRequest (Shift shift) {
    Timestamp [] shifts = new Timestamp [2];
    shifts [0] = shift.getShiftStartTime ();
    shifts [1] = shift.getShiftEndTime ();
    Message message = new Message (null, null, shifts, null, null, false);
    return new Request (shift.getEmployeeLogin (), null, message, RequestType.ADD);
}
</source>
<source file="Group13_source/controller/Request.java" startline="214" endline="218">
public static Request changeManagerApprovalStatusRequest (String manager, boolean wantToApprove) {
    Message message = new Message (null, null, null, null, manager, wantToApprove);
    return new Request (null, null, message, RequestType.APPROVAL_STATUS);
}
</source>
<source file="Group13_source/controller/Request.java" startline="220" endline="223">
public static Request GetUserLoginRequest (String first, String last) {
    return new Request (first, last, null, RequestType.GET_USERNAME);
}
</source>
<source file="Group13_source/controller/Request.java" startline="231" endline="234">
public void setApprover (String name) {
    approver = name;
}
</source>
<source file="Group13_source/controller/Request.java" startline="240" endline="243">
public void setRecipient (String name) {
    recipient = name;
}
</source>
<source file="Group13_source/controller/Request.java" startline="248" endline="251">
public String getSender () {
    return sender;
}
</source>
<source file="Group13_source/controller/Request.java" startline="256" endline="259">
public String getApprover () {
    return approver;
}
</source>
<source file="Group13_source/controller/Request.java" startline="264" endline="267">
public String getRecipient () {
    return recipient;
}
</source>
<source file="Group13_source/controller/Request.java" startline="272" endline="275">
public RequestType getMode () {
    return mode;
}
</source>
<source file="Group13_source/controller/Request.java" startline="277" endline="279">
public String getNotification () {
    return message.getNotification ();
}
</source>
<source file="Group13_source/controller/Request.java" startline="281" endline="283">
public byte [] getPassword () {
    return message.getPassword ();
}
</source>
<source file="Group13_source/controller/Request.java" startline="285" endline="287">
public Timestamp [] getShifts () {
    return message.getShifts ();
}
</source>
<source file="Group13_source/controller/Request.java" startline="289" endline="291">
public Employee getEmployee () {
    return message.getEmployee ();
}
</source>
<source file="Group13_source/controller/Request.java" startline="293" endline="295">
public boolean isApproved () {
    return message.isApproved ();
}
</source>
<source file="Group13_source/controller/Request.java" startline="297" endline="299">
public String getManager () {
    return message.getManager ();
}
</source>
<source file="Group13_source/controller/Controller.java" startline="26" endline="43">
public Controller () {
    try {
        Class.forName ("org.postgresql.Driver");
    } catch (ClassNotFoundException e) {
        e.printStackTrace ();
        System.out.println ("fail");
    }
    try {
        dbconnection = DriverManager.getConnection ("jdbc:postgresql://lovett.usask.ca:5432/", "cmpt370_group13", "1truegod");
    } catch (SQLException sqle) {
        System.out.println ("Error connecting to Database...");
        System.out.println (sqle.getMessage ());
    }
}
</source>
<source file="Group13_source/controller/Controller.java" startline="51" endline="364">
public RequestResults sendRequest (Request request) throws SQLException {
    RequestResults returnResults = null;
    switch (request.getMode ()) {
        case GIVE :
            {
                Statement giveRequest = dbconnection.createStatement ();
                giveRequest.execute (insertGiveRecordQuery (request.getSender (), request.getShifts () [0], request.getShifts () [1]));
                break;
            } case TRADE :
            {
                Statement tradeRequest = dbconnection.createStatement ();
                ResultSet manager1Result = tradeRequest.executeQuery (getWorkerInfoQuery (request.getSender ()));
                manager1Result.next ();
                String manager1 = manager1Result.getString ("manager");
                ResultSet manager1Approval = tradeRequest.executeQuery (getManagerApprovalStatus (manager1));
                manager1Approval.next ();
                boolean manager1reqd = manager1Approval.getBoolean ("ma_approval");
                System.out.println (manager1reqd);
                ResultSet manager2Result = tradeRequest.executeQuery (getWorkerInfoQuery (request.getSender ()));
                manager2Result.next ();
                String manager2 = manager2Result.getString ("manager");
                ResultSet manager2Approval = tradeRequest.executeQuery (getManagerApprovalStatus (manager1));
                manager2Approval.next ();
                boolean manager2reqd = manager2Approval.getBoolean ("ma_approval");
                if (request.getShifts () [2] == null) {
                    System.out.println (request.getShifts () [0].toString ());
                    tradeRequest.execute (insertTradeQuery (request.getSender (), request.getRecipient (), request.getShifts (), "take", manager1, manager1reqd, manager2, manager2reqd));
                    tradeRequest.close ();
                    Timestamp [] acceptTimes = new Timestamp [2];
                    acceptTimes [0] = request.getShifts () [0];
                    acceptTimes [1] = request.getShifts () [1];
                    Request giveAccept = Request.AcceptRequest (request.getSender (), request.getRecipient (), acceptTimes, true);
                    sendRequest (giveAccept);
                } else {
                    tradeRequest.addBatch (insertTradeQuery (request.getSender (), request.getRecipient (), request.getShifts (), "TRADE", manager1, manager1reqd, manager2, manager2reqd));
                    tradeRequest.addBatch (newMessageQuery (request.getSender (), request.getRecipient (), "TRADE: " + request.getSender () + " wants to trade " + request.getShifts () [0] + " for " + request.getShifts () [2]));
                    tradeRequest.executeBatch ();
                    tradeRequest.close ();
                }
                break;
            } case ACCEPT :
            {
                Statement acceptStatement = dbconnection.createStatement ();
                ResultSet transactionFields = acceptStatement.executeQuery (getTransactionData (request.getSender (), request.getRecipient (), request.getShifts () [0], request.getShifts () [1]));
                if (! transactionFields.next ()) throw new SQLException ("Data nor found");

                if (request.isApproved ()) {
                    boolean manager1Approved = transactionFields.getBoolean ("initmanagersign");
                    boolean manager2Approved = transactionFields.getBoolean ("finaltmanagersign");
                    if (! manager1Approved || ! manager2Approved) {
                        String giveTime = "nothing";
                        if (transactionFields.getTimestamp ("initshiftstart") != null) {
                            giveTime = transactionFields.getTimestamp ("initshiftstart").toString ();
                        }
                        Statement managerChecking = dbconnection.createStatement ();
                        if (! manager1Approved) {
                            String manager = transactionFields.getString ("initmanagerlogin");
                            managerChecking.execute (newMessageQuery ("Server", manager, "APPROVAL: " + transactionFields.getString ("initlogin") + " wants to trade " + giveTime + " for " + transactionFields.getString ("finalshiftstart") + ". This request requires your approval"));
                        }
                        if (! manager2Approved) {
                            String manager = transactionFields.getString ("finalmanagerlogin");
                            managerChecking.execute (newMessageQuery ("Server", manager, "APPROVAL: " + transactionFields.getString ("finallogin") + " wants to trade " + transactionFields.getString ("finalshiftstart") + " for " + giveTime + ". This request requires your approval"));
                        }
                    } else {
                        makeTrade (transactionFields);
                    }
                } else {
                    String sender = transactionFields.getString ("sender");
                    acceptStatement.addBatch (deleteShiftTransactionQuery (request.getSender (), request.getRecipient (), request.getShifts () [0], request.getShifts () [1]));
                    acceptStatement.addBatch (newMessageQuery ("Server", sender, "TRADE: trading " + request.getShifts () [0] + " was rejected by the recipient"));
                    acceptStatement.executeBatch ();
                }
                acceptStatement.close ();
                break;
            } case APPROVE :
            {
                Statement approveRequest = dbconnection.createStatement ();
                ResultSet transactionFields = approveRequest.executeQuery (getTransactionData (request.getSender (), request.getRecipient (), request.getShifts () [0], request.getShifts () [1]));
                if (! transactionFields.next ()) throw new SQLException ("Data not found");

                if (request.isApproved ()) {
                    Statement managerApprove = dbconnection.createStatement ();
                    managerApprove.executeQuery (updateManagerApprovalTransactionsQuery (request.getSender (), request.getRecipient (), request.getShifts () [0], request.getShifts () [1], request.getApprover ()));
                    boolean manager1Approved = transactionFields.getBoolean ("initmanagersign");
                    boolean manager2Approved = transactionFields.getBoolean ("finaltmanagersign");
                    if (manager1Approved && manager2Approved) makeTrade (transactionFields);

                } else {
                    String sender = transactionFields.getString ("sender");
                    String recipient = transactionFields.getString ("recipient");
                    approveRequest.addBatch (deleteShiftTransactionQuery (request.getSender (), request.getRecipient (), request.getShifts () [0], request.getShifts () [1]));
                    approveRequest.addBatch (newMessageQuery ("Server", sender, "TRADE: trading " + request.getShifts () [0] + " was rejected by a manager"));
                    approveRequest.addBatch (newMessageQuery ("Server", sender, "TRADE: trading " + request.getShifts () [1] + " was rejected by a manager"));
                    approveRequest.executeBatch ();
                }
                approveRequest.close ();
                break;
            } case ADD :
            {
                Statement addShift = dbconnection.createStatement ();
                addShift.execute (insertShiftQuery (request.getSender (), request.getShifts () [0], request.getShifts () [1]));
                addShift.close ();
            } case LOGIN :
            {
                boolean validated = false;
                Statement loginRequest = dbconnection.createStatement ();
                ResultSet results = loginRequest.executeQuery (this.getloginQuery (request.getSender ()));
                while (results.next () && ! validated) {
                    byte [] query = request.getPassword ();
                    byte [] result = results.getBytes ("emppassword");
                    validated = MessageDigest.isEqual (query, result);
                }
                returnResults = new RequestResults ();
                returnResults.setApproved (validated);
                loginRequest.close ();
                break;
            } case CREATE :
            {
                PreparedStatement AddUserRequest = dbconnection.prepareStatement ("INSERT INTO employees (empfirstname, emplastname, empaccesslevel, emplogin, emppassword, empemail, empwage)" + " VALUES (?, ?, ?, ?, ?, ?, ?)");
                Employee newEmployee = request.getEmployee ();
                AddUserRequest.setString (1, newEmployee.getFirstName ());
                AddUserRequest.setString (2, newEmployee.getLastName ());
                AddUserRequest.setInt (3, newEmployee.getAccessLevel ());
                AddUserRequest.setString (4, newEmployee.getId ());
                AddUserRequest.setBytes (5, newEmployee.getPassword ());
                AddUserRequest.setString (6, newEmployee.getEmail ());
                AddUserRequest.setFloat (7, newEmployee.getWage ());
                AddUserRequest.execute ();
                AddUserRequest.close ();
                Statement addUserBossmanagerRecord = dbconnection.createStatement ();
                addUserBossmanagerRecord.executeUpdate (this.newManagerQuery (newEmployee.getId ()));
                break;
            } case DELETE :
            {
                break;
            } case SCHEDULE :
            {
                Statement shiftPullRequest = dbconnection.createStatement (ResultSet.TYPE_SCROLL_INSENSITIVE, ResultSet.CONCUR_READ_ONLY);
                ResultSet results = shiftPullRequest.executeQuery (this.getEmployeeShiftInfo (request.getSender ()));
                Timestamp [] resultsList = tabulateShifts (results);
                returnResults = new RequestResults ();
                returnResults.setShifts (resultsList);
                shiftPullRequest.close ();
                break;
            } case VALIDATE :
            {
                Statement userValidateRequest = dbconnection.createStatement ();
                ResultSet results = userValidateRequest.executeQuery (this.usernameValidityQuery (request.getSender ()));
                if (! results.next ()) return null;

                returnResults = new RequestResults ();
                returnResults.setApproved (results.getBoolean ("isfound"));
                userValidateRequest.close ();
                break;
            } case USER_INFO :
            {
                Statement userInfo = dbconnection.createStatement ();
                ResultSet results = userInfo.executeQuery (getWorkerInfoQuery (request.getSender ()));
                if (! results.next ()) return null;

                returnResults = new RequestResults ();
                Employee employee = new Employee (request.getSender (), results.getString ("empfirstname"), results.getString ("emplastname"), results.getInt ("empaccesslevel"), null, results.getString ("empemail"), results.getFloat ("empwage"));
                returnResults.setEmployee (employee);
            } case GET_USERNAME :
            {
                Statement username = dbconnection.createStatement ();
                ResultSet results = username.executeQuery (getEmployeeLogin (request.getSender (), request.getRecipient ()));
                if (! results.next ()) return null;

                returnResults = new RequestResults ();
                returnResults.setMessages (results.getString ("emplogin"));
            } case SHIFT_RANGE :
            {
                Statement shiftRangeRequest = dbconnection.createStatement (ResultSet.TYPE_SCROLL_INSENSITIVE, ResultSet.CONCUR_READ_ONLY);
                ResultSet results = shiftRangeRequest.executeQuery (this.dateRangeShiftQuery (request.getShifts () [0], request.getShifts () [1], request.getSender ()));
                Timestamp [] resultsList = tabulateShifts (results);
                returnResults = new RequestResults ();
                returnResults.setShifts (resultsList);
                shiftRangeRequest.close ();
                break;
            } case PASSWORD_CHANGE :
            {
                PreparedStatement passwordChange = dbconnection.prepareStatement ("UPDATE employees SET emppassword = ? WHERE emplogin = ? ");
                passwordChange.setBytes (1, request.getPassword ());
                passwordChange.setString (2, request.getSender ());
                passwordChange.execute ();
                passwordChange.close ();
                break;
            } case GIVELIST :
            {
                Statement getGives = dbconnection.createStatement (ResultSet.TYPE_SCROLL_INSENSITIVE, ResultSet.CONCUR_READ_ONLY);
                ResultSet gives = getGives.executeQuery (getAllGiveRecords ());
                String [] names;
                Timestamp [] timePairs;
                if (gives.last ()) {
                    names = new String [gives.getRow ()];
                    timePairs = new Timestamp [gives.getRow () * 2];
                } else return null;

                gives.beforeFirst ();
                int i = 0;
                while (gives.next ()) {
                    names [i] = gives.getString ("giverlogin");
                    timePairs [i * 2] = gives.getTimestamp ("givershiftstart");
                    timePairs [i * 2 + 1] = gives.getTimestamp ("givershiftend");
                    i ++;
                }
                gives.close ();
                returnResults = new RequestResults ();
                returnResults.setNames (names);
                returnResults.setShifts (timePairs);
                break;
            } case SEND_MESSAGE :
            {
                Statement sendMessage = dbconnection.createStatement ();
                sendMessage.execute (newMessageQuery (request.getSender (), request.getRecipient (), "MESSAGE: " + request.getNotification ()));
                sendMessage.close ();
                break;
            } case MESSAGES :
            {
                Statement getMessages = dbconnection.createStatement ();
                ResultSet messages = getMessages.executeQuery (getEmployeeMessages (request.getSender ()));
                returnResults = new RequestResults ();
                String message = "";
                while (messages.next ()) {
                    message += "From: " + messages.getString ("mssgsender") + " To: " + messages.getString ("mssgreciever") + " -> " + messages.getString ("mssgtext") + "\n";
                }
                returnResults.setMessages (message);
                break;
            } case MANAGER_CHANGE :
            {
                Statement managerChange = dbconnection.createStatement ();
                managerChange.execute (updateManagerQuery (request.getSender (), request.getManager ()));
                managerChange.close ();
                break;
            } case APPROVAL_STATUS :
            {
                Statement approvalStatus = dbconnection.createStatement ();
                approvalStatus.execute (approvalStatusChangeQuery (request.getManager (), request.isApproved ()));
                approvalStatus.close ();
                break;
            } case ACCESS_UPDATE :
            {
                Statement accessUpdate = dbconnection.createStatement ();
                accessUpdate.execute (updateEmployeeQuery (null, null, request.getEmployee ().getAccessLevel (), request.getSender (), null, - 1));
                accessUpdate.close ();
                break;
            } case ACCESS_LEVEL :
            {
                returnResults = new RequestResults ();
                Statement accessLevel = dbconnection.createStatement ();
                ResultSet results = accessLevel.executeQuery (getAccessLevelQuery (request.getSender ()));
                accessLevel.close ();
                returnResults.setAccessLevel (results.getInt ("empaccesslevel"));
                break;
            }}
    return returnResults;
}
</source>
<source file="Group13_source/controller/Controller.java" startline="370" endline="378">
private String deleteShiftTransactionQuery (String sender, String recipient, Timestamp shiftstart, Timestamp shiftend) {
    return ("DELETE FROM shifttransaction" + " WHERE " + "initlogin = '" + sender + "' AND initshiftstart = '" + shiftstart + "' AND intshiftend = '" + shiftend + "';");
}
</source>
<source file="Group13_source/controller/Controller.java" startline="386" endline="400">
private Timestamp [] tabulateShifts (ResultSet results) throws SQLException {
    Timestamp [] resultsList;
    if (results.last ()) resultsList = new Timestamp [results.getRow () * 2];
    else return null;

    results.beforeFirst ();
    for (int i = 0;
    results.next (); i = i + 2) {
        resultsList [i] = results.getTimestamp ("shiftstarttime");
        resultsList [i + 1] = results.getTimestamp ("shiftendtime");
    }
    return resultsList;
}
</source>
<source file="Group13_source/controller/Controller.java" startline="402" endline="413">
private void makeTrade (ResultSet transactionFields) throws SQLException {
    Statement transaction = dbconnection.createStatement ();
    if (transactionFields.getString ("transactiontype").equals ("TRADE")) {
        transaction.addBatch (deleteShiftQuery (transactionFields.getString ("initlogin"), transactionFields.getTimestamp ("initshiftstart"), transactionFields.getTimestamp ("initshiftend")));
        transaction.addBatch (deleteShiftQuery (transactionFields.getString ("finallogin"), transactionFields.getTimestamp ("initshiftstart"), transactionFields.getTimestamp ("initshiftend")));
    }
    transaction.addBatch (deleteShiftQuery (transactionFields.getString ("finallogin"), transactionFields.getTimestamp ("finalshiftstart"), transactionFields.getTimestamp ("finalshiftend")));
    transaction.addBatch (insertShiftQuery (transactionFields.getString ("initlogin"), transactionFields.getTimestamp ("finalshiftstart"), transactionFields.getTimestamp ("finalshiftend")));
    transaction.executeBatch ();
}
</source>
<source file="Group13_source/controller/Controller.java" startline="420" endline="431">
private String getTransactionData (String sender, String recipient, Timestamp start, Timestamp end) {
    String lastTime;
    if (end == null) lastTime = "null";
    else lastTime = end.toString ();

    return ("Select * from shifttransaction WHERE " + "initlogin ='" + sender + "' AND " + "initshiftstart = '" + start + "' AND " + "initshiftend = '" + end + "';");
}
</source>
<source file="Group13_source/controller/Controller.java" startline="437" endline="443">
private String getTransactionID (String sender, String recipient, Timestamp start, Timestamp end) {
    return ("Select transactionid from shifttransaction WHERE " + "initlogin ='" + sender + "' AND " + "initshiftstart = '" + start + "' AND " + "initshiftend = '" + end + "';");
}
</source>
<source file="Group13_source/controller/Controller.java" startline="446" endline="448">
private String getloginQuery (String LoginID) {
    return "SELECT empLogin, empPassword FROM login WHERE empLogin = '" + LoginID + "'";
}
</source>
<source file="Group13_source/controller/Controller.java" startline="455" endline="461">
private String getWorkerInfoQuery (String LoginID) {
    return "SELECT empfirstname, emplastname, empaccesslevel," + " emplogin, empemail, manager, empwage" + " FROM full_employee_info" + " WHERE emplogin = '" + LoginID + "'";
}
</source>
<source file="Group13_source/controller/Controller.java" startline="467" endline="470">
private String getEmployeeLogin (String firstName, String lastName) {
    return "SELECT emplogin from full_employee_info where empfirstname = '" + firstName + "' AND emplastname = '" + lastName + "';";
}
</source>
<source file="Group13_source/controller/Controller.java" startline="477" endline="483">
private String getEmployeeShiftInfo (String LoginID) {
    return "SELECT shiftemployeelogin, shiftstarttime, shiftendtime" + " FROM employeeshifts" + " WHERE shiftemployeelogin = '" + LoginID + "'" + " ORDER BY shiftstarttime";
}
</source>
<source file="Group13_source/controller/Controller.java" startline="498" endline="535">
private String updateEmployeeQuery (String firstName, String lastName, int accesslevel, String loginID, String email, float wage) {
    boolean needComma = false;
    String ret = "UPDATE employees SET ";
    if (firstName != null) {
        ret = ret + "empfirstname = '" + firstName + "'";
        needComma = true;
    }
    if (lastName != null) {
        if (needComma == true) {
            ret = ret + ", ";
        }
        ret = ret + "emplastname = '" + lastName + "' ";
        needComma = true;
    }
    if (accesslevel != - 1) {
        if (needComma == true) {
            ret = ret + ", ";
        }
        ret = ret + "empaccesslevel = '" + accesslevel + "' ";
        needComma = true;
    }
    if (email != null) {
        if (needComma == true) {
            ret = ret + ", ";
        }
        ret = ret + "empemail = '" + email + "' ";
        needComma = true;
    }
    if (wage >= 0) {
        if (needComma == true) {
            ret = ret + ", ";
        }
        ret = ret + "empwage = '" + wage + "' ";
        needComma = true;
    }
    ret = ret + " WHERE emplogin = '" + loginID + "'";
    return ret;
}
</source>
<source file="Group13_source/controller/Controller.java" startline="545" endline="549">
private String newManagerQuery (String employee) {
    return "INSERT INTO bossmanager (employee)" + " VALUES ('" + employee + "')";
}
</source>
<source file="Group13_source/controller/Controller.java" startline="557" endline="562">
private String updateManagerQuery (String employee, String newManager) {
    return "UPDATE bossmanager " + "SET manager = '" + newManager + "' " + "WHERE employee = '" + employee + "' ";
}
</source>
<source file="Group13_source/controller/Controller.java" startline="571" endline="579">
private String newMessageQuery (String sender, String reciever, String message) {
    return "INSERT INTO employeeinbox (mssgsender, mssgreciever, mssgtext)" + "VALUES(" + "'" + sender + "', " + "'" + reciever + "', " + "'" + message + "' " + ")";
}
</source>
<source file="Group13_source/controller/Controller.java" startline="586" endline="592">
private String getEmployeeMessages (String LoginID) {
    return "SELECT mssgreciever, mssgsender, mssgtext, mssgsendtime " + "FROM employeeinbox " + "WHERE mssgreciever = '" + LoginID + "' " + "ORDER BY mssgsendtime";
}
</source>
<source file="Group13_source/controller/Controller.java" startline="594" endline="600">
private String deleteEmployeeMessage (String sender, String reciever, Timestamp sendtime) {
    return "DELETE FROM employeeinbox WHERE " + "mssgsender = '" + sender + "' AND " + "mssgreciever = '" + reciever + "' AND " + "mssgsendtime = '" + sendtime + "' ";
}
</source>
<source file="Group13_source/controller/Controller.java" startline="608" endline="615">
private String usernameValidityQuery (String username) {
    return "SELECT exists(" + "SELECT emplogin " + "FROM employees " + "WHERE emplogin = '" + username + "') " + "as isfound";
}
</source>
<source file="Group13_source/controller/Controller.java" startline="626" endline="642">
private String dateRangeShiftQuery (Timestamp startDate, Timestamp endDate, String LoginID) {
    String ret = "SELECT shiftemployeelogin, shiftstarttime, shiftendtime " + "FROM employeeshifts " + "WHERE shiftstarttime >= '" + startDate.toString () + "' " + "AND shiftstarttime <= '" + endDate.toString () + "' " + "AND shiftendtime <= '" + endDate.toString () + "' " + "AND shiftendtime >= '" + startDate.toString () + "' ";
    if (LoginID != null) {
        ret = ret + "AND shiftemployeelogin = '" + LoginID + "' ";
    }
    ret = ret + "ORDER BY shiftstarttime";
    return ret;
}
</source>
<source file="Group13_source/controller/Controller.java" startline="649" endline="654">
private String managerListQuery () {
    return "SELECT emplogin " + "FROM employees " + "WHERE empaccesslevel = '2' ";
}
</source>
<source file="Group13_source/controller/Controller.java" startline="661" endline="686">
private String removeEmployeeQuery (String employeeLoginID) {
    String step1 = "DELETE FROM bossmanager WHERE employee = '" + employeeLoginID + "'; ";
    String step2 = "UPDATE bossmanager SET manager = NULL WHERE manager = '" + employeeLoginID + "'; ";
    String step3 = "DELETE FROM giveshifts WHERE giverlogin = '" + employeeLoginID + "'; ";
    String step4a = "DELETE FROM shifttransaction WHERE initlogin = '" + employeeLoginID + "'; ";
    String step4b = "DELETE FROM shifttransaction WHERE finallogin = '" + employeeLoginID + "'; ";
    String step5 = "DELETE FROM employeeshifts WHERE shiftemployeelogin = '" + employeeLoginID + "'; ";
    String step6 = "DELETE FROM employeeinbox WHERE mssgreciever = '" + employeeLoginID + "'; ";
    String step7 = "DELETE FROM employees WHERE emplogin = '" + employeeLoginID + "' ";
    return step1 + step2 + step3 + step4a + step4b + step5 + step6 + step7;
}
</source>
<source file="Group13_source/controller/Controller.java" startline="695" endline="703">
private String insertGiveRecordQuery (String giver, Timestamp starttime, Timestamp endtime) {
    return "INSERT INTO giveshifts(giverlogin, givershiftstart, givershiftend)" + " VALUES(" + "'" + giver + "', " + "'" + starttime.toString () + "', " + "'" + endtime.toString () + "' " + ")";
}
</source>
<source file="Group13_source/controller/Controller.java" startline="712" endline="718">
private String deleteGiveRecordQuery (String giver, Timestamp starttime, Timestamp endtime) {
    return "DELETE FROM giveshifts WHERE " + "giverlogin = '" + giver + "' AND " + "givershiftstart = '" + starttime.toString () + "' AND " + "givershiftend = '" + endtime.toString () + "' ";
}
</source>
<source file="Group13_source/controller/Controller.java" startline="724" endline="727">
private String getAllGiveRecords () {
    return "SELECT giverlogin, givershiftstart, givershiftend FROM giveshifts";
}
</source>
<source file="Group13_source/controller/Controller.java" startline="734" endline="737">
private String getManagerApprovalStatus (String managerlogin) {
    return "SELECT ma_approval FROM managerapproval WHERE ma_manager = '" + managerlogin + "' ";
}
</source>
<source file="Group13_source/controller/Controller.java" startline="751" endline="786">
private String insertTradeQuery (String initiatorLoginID, String finalizerLoginID, Timestamp [] shiftTimes, String transactionType, String initiatorManager, boolean initManagerSign, String finalizerManager, boolean finalManagerSign) {
    if (shiftTimes [2] != null) {
        return "INSERT INTO shifttransaction (initlogin, initshiftstart, initshiftend, finallogin, finalshiftstart, finalshiftend, initmanagerlogin, finaltmanagerlogin, initmanagersign, finalmanagersign, transactiontype,) " + "VALUES ( " + "'" + initiatorLoginID + "', " + "'" + shiftTimes [0].toString () + "', " + "'" + shiftTimes [1].toString () + "', " + "'" + finalizerLoginID + "', " + "'" + shiftTimes [2].toString () + "', " + "'" + shiftTimes [3].toString () + "', " + "'" + initiatorManager + "', " + "'" + finalizerManager + "', " + "'" + initManagerSign + "', " + "'" + finalManagerSign + "', " + "'" + transactionType + "') ";
    } else {
        System.out.print ("noo");
        return "INSERT INTO shifttransaction (initlogin, initshiftstart, initshiftend, finallogin, initmanagerlogin, finalmanagerlogin, initmanagersign, finaltmanagersign, transactiontype) " + "VALUES( " + "'" + initiatorLoginID + "', " + "'" + shiftTimes [0].toString () + "', " + "'" + shiftTimes [1].toString () + "', " + "'" + finalizerLoginID + "', " + "'" + initiatorManager + "', " + "'" + finalizerManager + "', " + "'" + initManagerSign + "', " + "'" + finalManagerSign + "', " + "'" + transactionType + "' ) ";
    }
}
</source>
<source file="Group13_source/controller/Controller.java" startline="795" endline="799">
private String deleteShiftTransactionQuery (int transactionID) {
    return "DELETE FROM shifttransaction WHERE " + "transactionid = '" + transactionID + "'";
}
</source>
<source file="Group13_source/controller/Controller.java" startline="815" endline="835">
private String updateManagerApprovalTransactionsQuery (String sender, String recipient, Timestamp shiftstart, Timestamp shiftend, String managerLoginID) throws SQLException {
    Statement getTrannyID = null;
    try {
        getTrannyID = dbconnection.createStatement ();
    } catch (SQLException e) {
        System.out.println ("updateManagerApprovalTransactionsQuery died");
        e.printStackTrace ();
    }
    ResultSet results = getTrannyID.executeQuery (this.getTransactionID (sender, recipient, shiftstart, shiftend));
    int transactionID = results.getInt ("Column name here");
    String initiatorlogin = "UPDATE shifttransaction " + "SET initmanagersign = TRUE " + "WHERE initlogin = '" + transactionID + "' AND " + "initmanagerlogin = '" + managerLoginID + "'; " + "UPDATE shifttransaction " + "SET finalmanagersign = TRUE " + "WHERE transactionid = '" + transactionID + "' AND " + "finalmanagerlogin = '" + managerLoginID + "' ";
    return initiatorlogin;
}
</source>
<source file="Group13_source/controller/Controller.java" startline="844" endline="852">
private String insertShiftQuery (String loginID, Timestamp startTime, Timestamp endTime) {
    return "INSERT INTO employeeshifts (shiftemployeelogin, shiftstarttime, shiftendtime) " + "VALUES (" + "'" + loginID + "', " + "'" + startTime.toString () + "', " + "'" + endTime.toString () + "' " + ")";
}
</source>
<source file="Group13_source/controller/Controller.java" startline="861" endline="867">
private String deleteShiftQuery (String loginID, Timestamp startTime, Timestamp endTime) {
    return "DELETE FROM employeeshifts WHERE " + "shiftemployeelogin = '" + loginID + "' AND " + "shiftstarttime = '" + startTime.toString () + "' AND " + "shiftendtime = '" + endTime.toString () + "'";
}
</source>
<source file="Group13_source/controller/Controller.java" startline="869" endline="874">
private String approvalStatusChangeQuery (String manager, boolean isApproved) {
    return "UPDATE managerapproval SET ma_approval = " + "'" + isApproved + "' " + "WHERE ma_manager = '" + manager + "' ";
}
</source>
<source file="Group13_source/controller/Controller.java" startline="876" endline="879">
private String getAccessLevelQuery (String empName) {
    return "SELECT empaccesslevel FROM employees WHERE emplogin = " + empName;
}
</source>
<source file="Group13_source/controller/Controller.java" startline="891" endline="922">
public static void main (String [] args) {
    Controller c = new Controller ();
    System.out.println (c.getloginQuery ("testUsername"));
    System.out.println (c.getWorkerInfoQuery ("testUsername"));
    System.out.println (c.getEmployeeShiftInfo ("testUsername"));
    System.out.println (c.updateEmployeeQuery (null, "buster", 2, "magnusandy", null, - 1));
    System.out.println (c.newManagerQuery ("testUsername"));
    System.out.println (c.updateManagerQuery ("magnusandy", "oneTrueGod"));
    System.out.println (c.newMessageQuery ("magnusandy", "oneTrueGod", "Yoooo dawg lets do this"));
    System.out.println (c.getEmployeeMessages ("oneTrueGod"));
    System.out.println (c.usernameValidityQuery ("magnusandy"));
    Timestamp x = Timestamp.valueOf ("2014-10-22 09:00:00");
    Timestamp y = Timestamp.valueOf ("2014-10-27 09:00:00");
    System.out.println (c.dateRangeShiftQuery (x, y, "tmike"));
    System.out.println (c.dateRangeShiftQuery (x, y, null));
    System.out.println (c.managerListQuery ());
    System.out.println (c.removeEmployeeQuery ("tmike"));
    System.out.println (c.insertGiveRecordQuery ("tmike", x, y));
    System.out.println (c.deleteGiveRecordQuery ("tmike", x, y));
    Timestamp [] b = new Timestamp [4];
    b [0] = Timestamp.valueOf ("2014-10-20 08:45:00");
    b [1] = Timestamp.valueOf ("2014-10-20 18:30:00");
    System.out.println (c.insertShiftQuery ("rickjames", b [0], b [1]));
    System.out.println (c.deleteShiftQuery ("rickjames", b [0], b [1]));
    System.out.println (c.getAllGiveRecords ());
    System.out.println (c.deleteEmployeeMessage ("tmike", "rickjames", b [0]));
    System.out.println (c.getWorkerInfoQuery ("twarren"));
}
</source>
<source file="Group13_source/controller/Shift.java" startline="27" endline="32">
public Shift (String empLogin, Timestamp start, Timestamp end) {
    employeeLogin = empLogin;
    shiftStartTime = start;
    shiftEndTime = end;
}
</source>
<source file="Group13_source/controller/Shift.java" startline="38" endline="41">
public String getEmployeeLogin () {
    return employeeLogin;
}
</source>
<source file="Group13_source/controller/Shift.java" startline="47" endline="50">
public Timestamp getShiftStartTime () {
    return shiftStartTime;
}
</source>
<source file="Group13_source/controller/Shift.java" startline="56" endline="59">
public Timestamp getShiftEndTime () {
    return shiftEndTime;
}
</source>
<source file="Group13_source/controller/Shift.java" startline="61" endline="67">
@Override
public String toString () {
    String slate = employeeLogin + " " + shiftStartTime.toString ().substring (0, 16) + " - " + shiftEndTime.toString ().substring (0, 16);
    return slate;
}
</source>
<source file="Group13_source/frontend/AddEmployeePageController.java" startline="81" endline="83">
public void setApp (View application) {
    this.instance = application;
}
</source>
<source file="Group13_source/frontend/AddEmployeePageController.java" startline="90" endline="101">
@Override
public void initialize (URL url, ResourceBundle rb) {
    firstNameLabel.setText (null);
    lastNameLabel.setText (null);
    usernameLabel.setText (null);
    passwordLabel.setText (null);
    emailLabel.setText (null);
    startingWageLabel.setText (null);
    errorLabel.setText (null);
    accessLevelBox.setItems (FXCollections.observableArrayList ("Worker", "Manager", "Owner"));
    accessLevelBox.getSelectionModel ().select (0);
}
</source>
<source file="Group13_source/frontend/AddEmployeePageController.java" startline="110" endline="116">
@FXML
void onCancelButtonClick (ActionEvent event) {
    this.prepAndMoveBack ();
}
</source>
<source file="Group13_source/frontend/AddEmployeePageController.java" startline="124" endline="151">
@FXML
void onAddEmployeeButtonClick (ActionEvent event) {
    if (this.validateFields ()) {
        int accessLevel = 1;
        switch (accessLevelBox.getValue ().toString ()) {
            case "Manager" :
                accessLevel = 2;
                break;
            case "Owner" :
                accessLevel = 3;
                break;
        }
        float wage = Float.parseFloat (startingWageText.getText ());
        byte [] password = Input.createHash (passwordText.getText ());
        Employee newEmp = new Employee (usernameText.getText (), firstNameText.getText (), lastNameText.getText (), accessLevel, password, emailText.getText (), wage);
        Input.addNewEmployee (newEmp);
        this.prepAndMoveBack ();
    } else {
    }
}
</source>
<source file="Group13_source/frontend/AddEmployeePageController.java" startline="159" endline="168">
private void prepAndMoveBack () {
    firstNameText.setText (null);
    lastNameText.setText (null);
    usernameText.setText (null);
    passwordText.setText (null);
    emailText.setText (null);
    startingWageText.setText (null);
    instance.swapToProntPage ();
}
</source>
<source file="Group13_source/frontend/AddEmployeePageController.java" startline="175" endline="254">
private boolean validateFields () {
    boolean allGood = true;
    firstNameLabel.setText (null);
    lastNameLabel.setText (null);
    usernameLabel.setText (null);
    passwordLabel.setText (null);
    emailLabel.setText (null);
    startingWageLabel.setText (null);
    errorLabel.setText (null);
    if (firstNameText.getText ().isEmpty ()) {
        allGood = false;
        firstNameLabel.setText ("*");
    }
    if (lastNameText.getText ().isEmpty ()) {
        allGood = false;
        lastNameLabel.setText ("*");
    }
    if (usernameText.getText ().isEmpty ()) {
        allGood = false;
        usernameLabel.setText ("*");
    } else {
        if (Input.isUsernameUnique (usernameText.getText ()) == false) {
            allGood = false;
            usernameLabel.setText ("* already used");
        }
    }
    if (passwordText.getText ().isEmpty ()) {
        allGood = false;
        passwordLabel.setText ("*");
    }
    if (emailText.getText ().isEmpty ()) {
        allGood = false;
        emailLabel.setText ("*");
    }
    if (startingWageText.getText ().isEmpty ()) {
        allGood = false;
        startingWageLabel.setText ("*");
    } else {
        float wage = 0;
        boolean isNumber = true;
        try {
            wage = Float.parseFloat (startingWageText.getText ());
        } catch (NumberFormatException e) {
            allGood = false;
            isNumber = false;
            startingWageLabel.setText ("* not a number");
        }
        if (isNumber) {
            if (wage < 0) {
                allGood = false;
                startingWageLabel.setText ("* must be positive");
            }
        }
    }
    if (! allGood) {
        errorLabel.setText ("Please fill in all fields marked with *");
    }
    return allGood;
}
</source>
<source file="Group13_source/frontend/FXMLCalendarController.java" startline="29" endline="31">
public void setApp (View application) {
    this.instance = application;
}
</source>
<source file="Group13_source/frontend/FXMLCalendarController.java" startline="33" endline="81">
@FXML
void onStuffButtonClicked (ActionEvent event) {
    LinkedList < LinkedList < Timestamp > > monthlySchedule = instance.grabScheduleMonthly ();
    if (monthlySchedule == null) {
        return;
    }
    LocalDate temp = instance.getCurrentDate ();
    temp = temp.withDayOfMonth (1);
    DayOfWeek startOfMonth = temp.getDayOfWeek ();
    int currentDate = 0;
    int column = startOfMonth.getValue ();
    int row = 0;
    TextArea daySchedule;
    daySchedule = populateSchedule (monthlySchedule, currentDate, new TextArea ());
    calendarGrid.add (daySchedule, column, row);
    currentDate = currentDate + 1;
    if (column == 7) {
        column = 0;
    } else {
        column = column + 1;
    }
    while (currentDate < monthlySchedule.size ()) {
        if (column < 7) {
            TextArea tempText = new TextArea ();
            tempText.setEditable (false);
            daySchedule = populateSchedule (monthlySchedule, currentDate, tempText);
            calendarGrid.add (daySchedule, column, row);
            currentDate = currentDate + 1;
            column = column + 1;
        } else {
            column = 0;
            row = row + 1;
        }
    }
}
</source>
<source file="Group13_source/frontend/FXMLCalendarController.java" startline="85" endline="101">
private TextArea populateSchedule (LinkedList < LinkedList < Timestamp > > weeklySchedule, int index, TextArea day) {
    day.clear ();
    day.appendText ((index + 1) + "\n");
    while (weeklySchedule.get (index).size () > 0) {
        Timestamp temp = weeklySchedule.get (index).remove ();
        String parse = temp.toString ();
        parse = parse.substring (11, 16);
        day.appendText (parse + "-");
        temp = weeklySchedule.get (index).remove ();
        parse = temp.toString ();
        parse = parse.substring (11, 16);
        day.appendText (parse + "\n");
    }
    return day;
}
</source>
<source file="Group13_source/frontend/FXMLCalendarController.java" startline="103" endline="108">
@FXML
void onBackButtonClick (ActionEvent event) {
    instance.swapToProntPage ();
    System.out.println ("You clicked me!");
}
</source>
<source file="Group13_source/frontend/FXMLCalendarController.java" startline="110" endline="113">
@Override
public void initialize (URL url, ResourceBundle rb) {
}
</source>
<source file="Group13_source/frontend/FXMLProntPageController.java" startline="77" endline="81">
public void setApp (View application) {
    this.instance = application;
}
</source>
<source file="Group13_source/frontend/FXMLProntPageController.java" startline="83" endline="86">
@FXML
protected void onMonthlySchedulePress (ActionEvent event) {
    instance.swapToCalendar ();
}
</source>
<source file="Group13_source/frontend/FXMLProntPageController.java" startline="88" endline="102">
private void populateSchedule (LinkedList < LinkedList < Timestamp > > weeklySchedule, int index, TextArea day) {
    day.clear ();
    while (weeklySchedule.get (index).size () > 0) {
        Timestamp temp = weeklySchedule.get (index).remove ();
        String parse = temp.toString ();
        parse = parse.substring (11, 16);
        day.appendText (parse + "-");
        temp = weeklySchedule.get (index).remove ();
        parse = temp.toString ();
        parse = parse.substring (11, 16);
        day.appendText (parse + "\n");
    }
}
</source>
<source file="Group13_source/frontend/FXMLProntPageController.java" startline="104" endline="108">
private void updateDayHeaders (DayOfWeek day, Label header) {
    String temp = day.getDisplayName (TextStyle.FULL, Locale.ENGLISH);
    header.setText (temp);
}
</source>
<source file="Group13_source/frontend/FXMLProntPageController.java" startline="110" endline="114">
@FXML
private void onCheckMessageButtonPress () {
    instance.swapToMessages ();
}
</source>
<source file="Group13_source/frontend/FXMLProntPageController.java" startline="116" endline="120">
@FXML
private void onSwapShiftButtonPress () {
    instance.swapToShiftSwapSwapShift ();
}
</source>
<source file="Group13_source/frontend/FXMLProntPageController.java" startline="122" endline="125">
@FXML
void onAddEmployeeButtonPress (ActionEvent event) {
    instance.swapToManagerSettings ();
}
</source>
<source file="Group13_source/frontend/FXMLProntPageController.java" startline="127" endline="158">
@FXML
void onScheduleUpdateButtonPress (ActionEvent event) {
    LinkedList < LinkedList < Timestamp > > weeklySchedule = instance.grabScheduleWeekly ();
    LocalDate temp = instance.getCurrentDate ();
    DayOfWeek weekday = temp.getDayOfWeek ();
    updateDayHeaders (weekday, day0Label);
    weekday = weekday.plus (1);
    updateDayHeaders (weekday, day1Label);
    weekday = weekday.plus (1);
    updateDayHeaders (weekday, day2Label);
    weekday = weekday.plus (1);
    updateDayHeaders (weekday, day3Label);
    weekday = weekday.plus (1);
    updateDayHeaders (weekday, day4Label);
    weekday = weekday.plus (1);
    updateDayHeaders (weekday, day5Label);
    weekday = weekday.plus (1);
    updateDayHeaders (weekday, day6Label);
    if (weeklySchedule != null) {
        populateSchedule (weeklySchedule, 0, day0Schedule);
        populateSchedule (weeklySchedule, 1, day1Schedule);
        populateSchedule (weeklySchedule, 2, day2Schedule);
        populateSchedule (weeklySchedule, 3, day3Schedule);
        populateSchedule (weeklySchedule, 4, day4Schedule);
        populateSchedule (weeklySchedule, 5, day5Schedule);
        populateSchedule (weeklySchedule, 6, day6Schedule);
    }
}
</source>
<source file="Group13_source/frontend/FXMLProntPageController.java" startline="160" endline="163">
@FXML
void onCheckAvailableShiftsPress (ActionEvent event) {
    instance.swapToTakeShift ();
}
</source>
<source file="Group13_source/frontend/FXMLProntPageController.java" startline="165" endline="169">
@Override
public void initialize (URL location, ResourceBundle resources) {
}
</source>
<source file="Group13_source/frontend/LoginPageController.java" startline="35" endline="37">
public void setApp (View application) {
    this.instance = application;
}
</source>
<source file="Group13_source/frontend/LoginPageController.java" startline="39" endline="42">
@Override
public void initialize (URL location, ResourceBundle resources) {
    resultLabel.setText ("Welcome to Shift Swap");
}
</source>
<source file="Group13_source/frontend/LoginPageController.java" startline="44" endline="52">
@FXML
void onLoginButtonPress (ActionEvent event) {
    if (instance.logIn (usernameField.getText (), passwordField.getText ()) == false) {
        resultLabel.setTextFill (Color.FIREBRICK);
        resultLabel.setText ("Login failed");
    }
}
</source>
<source file="Group13_source/frontend/SwapShiftController.java" startline="40" endline="44">
public void setApp (View application) {
    this.instance = application;
}
</source>
<source file="Group13_source/frontend/SwapShiftController.java" startline="49" endline="52">
@Override
public void initialize (URL url, ResourceBundle rb) {
}
</source>
<source file="Group13_source/frontend/SwapShiftController.java" startline="54" endline="62">
@FXML
private void onPressSwap (ActionEvent event) {
}
</source>
<source file="Group13_source/frontend/SwapShiftController.java" startline="64" endline="73">
@FXML
private void onSearchButtonPressed (ActionEvent event) {
}
</source>
<source file="Group13_source/frontend/Input.java" startline="34" endline="36">
public static String clean (String input) {
    return input;
}
</source>
<source file="Group13_source/frontend/Input.java" startline="44" endline="65">
public static boolean authenticate (String username, String password) {
    byte [] pwHash = Input.createHash (password);
    Request loginRequest = Request.LoginRequest (username, pwHash);
    RequestResults results = null;
    try {
        results = controller.sendRequest (loginRequest);
    } catch (Exception e) {
        System.out.println ("LOGIN ERROR! ABORTING...");
        return false;
    }
    try {
        Thread.sleep (1000);
    } catch (InterruptedException ex) {
        Thread.currentThread ().interrupt ();
    }
    return results.isApproved ();
}
</source>
<source file="Group13_source/frontend/Input.java" startline="67" endline="77">
public static Timestamp [] getSchedule (String userID) {
    Request request = Request.ShiftRequest (userID);
    RequestResults schedule = new RequestResults ();
    try {
        schedule = controller.sendRequest (request);
    } catch (Exception e) {
    }
    return schedule.getShifts ();
}
</source>
<source file="Group13_source/frontend/Input.java" startline="85" endline="98">
public static boolean isUsernameUnique (String username) {
    Request validateRequest = Request.UsernameValidateRequest (username);
    RequestResults results = null;
    try {
        results = controller.sendRequest (validateRequest);
    } catch (SQLException exception) {
        System.out.println ("Exception in inUsernameUnique with message: " + exception.getMessage ());
        return false;
    }
    return ! results.isApproved ();
}
</source>
<source file="Group13_source/frontend/Input.java" startline="104" endline="116">
public static void addNewEmployee (Employee newEmployee) {
    Request addNewEmployeeRequest = Request.CreateRequest ("PLACEHOLDER", newEmployee);
    RequestResults results = new RequestResults ();
    try {
        results = controller.sendRequest (addNewEmployeeRequest);
    } catch (SQLException exception) {
        System.out.println ("Exception in addNewEmployee with message: " + exception.getMessage ());
    }
}
</source>
<source file="Group13_source/frontend/Input.java" startline="123" endline="134">
public static void changeEmployeeAccessLevel (String username, int newAccessLevel) {
    Request changeAccessLevelRequest = Request.ChangeAccessLevelRequest (username, newAccessLevel);
    try {
        controller.sendRequest (changeAccessLevelRequest);
    } catch (SQLException exception) {
        System.out.println ("Exception in changeEmployeeAccessLevel with message: " + exception.getMessage ());
    }
}
</source>
<source file="Group13_source/frontend/Input.java" startline="140" endline="151">
public static void removeEmployee (String username) {
    Request removeEmployeeRequest = Request.DeleteRequest ("PLACEHOLDER", username);
    try {
        controller.sendRequest (removeEmployeeRequest);
    } catch (SQLException exception) {
        System.out.println ("Exception in removeEmployee with message: " + exception.getMessage ());
    }
}
</source>
<source file="Group13_source/frontend/Input.java" startline="162" endline="177">
public static void modifyEmployeeInfo (String userToBeChanged, String newFirstName, String newLastName, String newEmail, int newAccessLevel, float newWage) {
    if (userToBeChanged == null) {
        throw new RuntimeException ();
    }
    Request modifyEmployeeRequest = Request.ModifyEmployeeInfoRequest (userToBeChanged, newFirstName, newLastName, newEmail, newAccessLevel, newWage);
    try {
        controller.sendRequest (modifyEmployeeRequest);
    } catch (SQLException exception) {
        System.out.println ("Exception in modifyEmployeeInfo with message: " + exception.getMessage ());
    }
}
</source>
<source file="Group13_source/frontend/Input.java" startline="185" endline="197">
public static void changeEmployeePassword (String username, String newPassword) {
    byte [] newHashedPassword = Input.createHash (newPassword);
    Request changePasswordRequest = Request.ChangePasswordRequest (username, newHashedPassword);
    try {
        controller.sendRequest (changePasswordRequest);
    } catch (SQLException exception) {
        System.out.println ("Exception in changeEmployeePassword with message: " + exception.getMessage ());
    }
}
</source>
<source file="Group13_source/frontend/Input.java" startline="204" endline="215">
public static void changeEmployeesManager (String employee, String newManager) {
    Request changeEmployeesManagerRequest = Request.changeEmployeesManagerRequest (employee, newManager);
    try {
        controller.sendRequest (changeEmployeesManagerRequest);
    } catch (SQLException exception) {
        System.out.println ("Exception in changeEmployeesManager with message: " + exception.getMessage ());
    }
}
</source>
<source file="Group13_source/frontend/Input.java" startline="219" endline="235">
public static byte [] createHash (String password) {
    byte [] returnHash = null;
    try {
        MessageDigest md = MessageDigest.getInstance ("SHA-256");
        md.update (password.getBytes ());
        returnHash = md.digest ();
        if (returnHash == null) {
            throw new RuntimeException ("ReturnHash null in DummyController");
        }
    } catch (NoSuchAlgorithmException nsae) {
        System.out.println ("Exception: " + nsae);
    }
    return returnHash;
}
</source>
<source file="Group13_source/frontend/Input.java" startline="242" endline="254">
public static void createGiveRequest (String empName, Timestamp [] shiftStartEnd) {
    Request request = Request.GiveRequest (empName, shiftStartEnd);
    try {
        controller.sendRequest (request);
    } catch (SQLException e) {
        System.out.println ("createGiveRequest bombed hard");
        e.printStackTrace ();
    }
}
</source>
<source file="Group13_source/frontend/Input.java" startline="262" endline="273">
public static void createTakeRequest (String initLogin, String finalLogin, Timestamp [] finalshiftStartEnd) {
    Request request = null;
    Timestamp [] temp = {finalshiftStartEnd [0], finalshiftStartEnd [1], null, null};
    request = Request.TradeRequest (initLogin, finalLogin, temp);
    try {
        controller.sendRequest (request);
    } catch (SQLException e) {
        System.out.println ("createTakeRequest just got smoked");
        e.printStackTrace ();
    }
}
</source>
<source file="Group13_source/frontend/Input.java" startline="279" endline="282">
private static Timestamp [] timestampArrayMerge (Timestamp [] senderShifts, Timestamp [] recipientShifts) {
    Timestamp [] combinedShifts = {senderShifts [0], senderShifts [1], recipientShifts [0], recipientShifts [1]};
    return combinedShifts;
}
</source>
<source file="Group13_source/frontend/Input.java" startline="292" endline="304">
public static void createTradeRequest (String initLogin, Timestamp [] shiftStartEnd, String finalLogin, Timestamp [] finalshiftStartEnd) {
    Request request = null;
    request = Request.TradeRequest (initLogin, finalLogin, timestampArrayMerge (shiftStartEnd, finalshiftStartEnd));
    try {
        controller.sendRequest (request);
    } catch (SQLException e) {
        System.out.println ("createTradeRequest just got smoked");
        e.printStackTrace ();
    }
}
</source>
<source file="Group13_source/frontend/Input.java" startline="312" endline="325">
public static String getEmployeeMessages (String username) {
    Request messageRequest = Request.GetMessagesRequest (username);
    RequestResults results = null;
    try {
        results = controller.sendRequest (messageRequest);
    } catch (SQLException exception) {
        System.out.println ("Messages couldn't be found, error is: " + exception.getMessage ());
    }
    return results.getMessages ();
}
</source>
<source file="Group13_source/frontend/Input.java" startline="328" endline="339">
public static void sendMessage (String sender, String recipent, String message) {
    Request messageRequest = Request.SendMessageRequest (sender, recipent, message);
    try {
        controller.sendRequest (messageRequest);
    } catch (SQLException exception) {
        System.out.println ("Message couldn't be sent, error is: " + exception.getMessage ());
    }
}
</source>
<source file="Group13_source/frontend/Input.java" startline="346" endline="373">
public static Shift [] getGiveList () {
    Request getGiveListRequest = Request.GetGivesListRequest ();
    RequestResults results = null;
    try {
        results = controller.sendRequest (getGiveListRequest);
    } catch (SQLException exception) {
        System.out.println ("Exception in removeEmployee with message: " + exception.getMessage ());
    }
    if (results != null) {
        Shift [] shifts = new Shift [results.getNames ().length];
        String [] names = results.getNames ();
        Timestamp [] times = results.getShifts ();
        for (int i = 0;
        i < results.getNames ().length; i ++) {
            shifts [i] = new Shift (names [i], times [i * 2], times [(i * 2) + 1]);
        }
        return shifts;
    } else {
        return null;
    }
}
</source>
<source file="Group13_source/frontend/Input.java" startline="379" endline="382">
public static void assignShifts (Shift shift) {
}
</source>
<source file="Group13_source/frontend/Input.java" startline="389" endline="392">
public static void changeApprovalStatus (String managerlogin, boolean wantToApprove) {
}
</source>
<source file="Group13_source/frontend/Input.java" startline="402" endline="405">
public static void approveTrade (String manager, Shift initShift, Shift finalShift, boolean isApproved) {
}
</source>
<source file="Group13_source/frontend/Input.java" startline="410" endline="421">
public static void getWorkerInfo (String login) {
    Request getInfo = Request.GetUserInfoRequest (login);
    try {
        controller.sendRequest (getInfo);
    } catch (SQLException exception) {
        System.out.println ("Message couldn't be sent, error is: " + exception.getMessage ());
    }
}
</source>
<source file="Group13_source/frontend/Input.java" startline="426" endline="437">
public static void getWorkerLogin (String firstName, String lastName) {
    Request getLogin = Request.GetUserLoginRequest (firstName, lastName);
    try {
        controller.sendRequest (getLogin);
    } catch (SQLException exception) {
        System.out.println ("Message couldn't be sent, error is: " + exception.getMessage ());
    }
}
</source>
<source file="Group13_source/frontend/ManagerSettingsController.java" startline="90" endline="92">
public void setApp (View application) {
    this.instance = application;
}
</source>
<source file="Group13_source/frontend/ManagerSettingsController.java" startline="99" endline="103">
@Override
public void initialize (URL url, ResourceBundle rb) {
}
</source>
<source file="Group13_source/frontend/ManagerSettingsController.java" startline="105" endline="111">
@FXML
private void processNewEmployee (ActionEvent event) {
    instance.addEmployee (newEmpID.getText (), newEmpFirstName.getText (), newEmpLastName.getText (), newEmpPass.getText (), newEmpEmail.getText (), Float.parseFloat (newEmpWage.getText ()));
}
</source>
<source file="Group13_source/frontend/ManagerSettingsController.java" startline="117" endline="125">
@FXML
private void modifyEmployee (ActionEvent event) {
    instance.modifyEmployee (modEmpID.getText (), modEmpFirstName.getText (), modEmpLastName.getText (), modEmpEmail.getText (), Float.parseFloat (modEmpWage.getText ()));
}
</source>
<source file="Group13_source/frontend/ManagerSettingsController.java" startline="127" endline="142">
@FXML
private void modifyAccessLevel (ActionEvent event) {
    int newAccessLevel = 1;
    try {
        newAccessLevel = getModAccessLevelSelection ();
    } catch (IllegalArgumentException e) {
        System.out.println (e.getMessage () + " - Stack trace follows:");
        e.printStackTrace ();
    }
    instance.changeAccessLevel (modAccessID.getText (), newAccessLevel);
}
</source>
<source file="Group13_source/frontend/ManagerSettingsController.java" startline="144" endline="149">
@FXML
private void setEmployeeManager (ActionEvent event) {
    instance.setManager (setManagerEmployee.getText (), setManagerManager.getText ());
}
</source>
<source file="Group13_source/frontend/ManagerSettingsController.java" startline="151" endline="166">
@FXML
private void changeEmployeePassword (ActionEvent event) {
    String proposedPassword = setPasswordNew.getText ();
    if (proposedPassword == setPasswordConfirm.getText ()) {
        setPasswordConfirmation.setText ("");
        instance.setPassword (setPasswordID.getText (), proposedPassword);
    } else {
        setPasswordConfirmation.setTextFill (Color.FIREBRICK);
        setPasswordConfirmation.setText ("Passwords do not match");
    }
}
</source>
<source file="Group13_source/frontend/ManagerSettingsController.java" startline="168" endline="172">
@FXML
private void removeEmployee (ActionEvent event) {
    instance.removeEmployee (removeEmployeeID.getText ());
}
</source>
<source file="Group13_source/frontend/ManagerSettingsController.java" startline="174" endline="178">
@FXML
private void onBackPress (ActionEvent event) {
    instance.swapToProntPage ();
}
</source>
<source file="Group13_source/frontend/ManagerSettingsController.java" startline="180" endline="195">
private int getModAccessLevelSelection () throws IllegalArgumentException {
    if (modAccessWorker.isSelected ()) {
        return 1;
    } else if (modAccessManager.isSelected ()) {
        return 2;
    } else if (modAccessOwner.isSelected ()) {
        return 3;
    } else {
        throw new IllegalArgumentException ("No access level selected");
    }

}
</source>
<source file="Group13_source/frontend/NewMessagePageController.java" startline="34" endline="36">
public void setApp (View application) {
    this.instance = application;
}
</source>
<source file="Group13_source/frontend/NewMessagePageController.java" startline="38" endline="61">
@FXML
void onSendButtonPress () {
    String message = messageField.getText ();
    if (message.length () > 255) {
        characterLimit.setVisible (true);
        successField.setVisible (false);
    } else if (! instance.sendMessage (message, recipientField.getText ())) {
        recipientDoesntExist.setVisible (true);
        successField.setVisible (false);
    } else {
        successField.setVisible (true);
        recipientDoesntExist.setVisible (false);
        characterLimit.setVisible (false);
        messageField.setText ("");
        recipientField.setText ("");
    }

}
</source>
<source file="Group13_source/frontend/NewMessagePageController.java" startline="63" endline="67">
@FXML
void onBackButtonPress () {
    instance.swapToMessages ();
}
</source>
<source file="Group13_source/frontend/NewMessagePageController.java" startline="69" endline="73">
@Override
public void initialize (URL location, ResourceBundle resources) {
}
</source>
<source file="Group13_source/frontend/DummyController.java" startline="18" endline="35">
public static byte [] getHash (String username) {
    byte [] returnHash = null;
    try {
        MessageDigest md = MessageDigest.getInstance ("SHA-256");
        md.update (username.getBytes ());
        returnHash = md.digest ();
        if (returnHash == null) {
            throw new RuntimeException ("ReturnHash null in DummyController");
        }
    } catch (NoSuchAlgorithmException nsae) {
        System.out.println ("Exception: " + nsae);
    }
    return returnHash;
}
</source>
<source file="Group13_source/frontend/View.java" startline="31" endline="33">
public View () {
    this.instance = this;
}
</source>
<source file="Group13_source/frontend/View.java" startline="35" endline="47">
@Override
public void start (Stage primaryStage) {
    try {
        curStage = primaryStage;
        beginLogin ();
        setDate ();
        primaryStage.show ();
    } catch (Exception e) {
        System.out.println (e.getMessage ());
    }
}
</source>
<source file="Group13_source/frontend/View.java" startline="55" endline="58">
private void setDate () {
    currentDate = LocalDate.of (2014, 10, 25);
    System.out.println ("Current internal date is: " + currentDate.toString ());
}
</source>
<source file="Group13_source/frontend/View.java" startline="62" endline="69">
private void beginMessages () {
    try {
        MessagesPageController message = (MessagesPageController) sceneTransition ("MessagesPage.fxml");
        message.setApp (instance);
    } catch (Exception e) {
        System.out.println (e.getMessage ());
    }
}
</source>
<source file="Group13_source/frontend/View.java" startline="71" endline="78">
private void beginLogin () {
    try {
        LoginPageController login = (LoginPageController) sceneTransition ("LoginPage.fxml");
        login.setApp (instance);
    } catch (Exception e) {
        System.out.println (e.getMessage ());
    }
}
</source>
<source file="Group13_source/frontend/View.java" startline="80" endline="88">
private void beginManagerSettings () {
    try {
        ManagerSettingsController managerSettings = (ManagerSettingsController) sceneTransition ("ManagerSettings.fxml");
        managerSettings.setApp (instance);
    } catch (Exception e) {
        System.out.println (e.getMessage ());
    }
}
</source>
<source file="Group13_source/frontend/View.java" startline="90" endline="98">
private void beginCalendar () {
    try {
        FXMLCalendarController calendar = (FXMLCalendarController) sceneTransition ("CalendarPage.fxml");
        calendar.setApp (instance);
    } catch (Exception e) {
        System.out.println (e.getMessage ());
    }
}
</source>
<source file="Group13_source/frontend/View.java" startline="100" endline="108">
private void beginHomescreen () {
    try {
        FXMLProntPageController homescreen = (FXMLProntPageController) sceneTransition ("FXMLProntPage.fxml");
        homescreen.setApp (instance);
    } catch (Exception e) {
        System.out.println (e.getMessage ());
    }
}
</source>
<source file="Group13_source/frontend/View.java" startline="110" endline="118">
private void beginNewMessage () {
    try {
        NewMessagePageController message = (NewMessagePageController) sceneTransition ("NewMessagePage.fxml");
        message.setApp (instance);
    } catch (Exception e) {
        System.out.println (e.getMessage ());
    }
}
</source>
<source file="Group13_source/frontend/View.java" startline="120" endline="127">
private void beginTakeShift () {
    try {
        TakePageController take = (TakePageController) sceneTransition ("TakePage.fxml");
        take.setApp (instance);
    } catch (Exception e) {
        System.out.println (e.getMessage ());
    }
}
</source>
<source file="Group13_source/frontend/View.java" startline="129" endline="137">
private void beginSwapShift () {
    try {
        SwapShiftController swapShift = (SwapShiftController) sceneTransition ("SwapShift.fxml");
        swapShift.setApp (instance);
    } catch (Exception e) {
        System.out.println (e.getMessage ());
    }
}
</source>
<source file="Group13_source/frontend/View.java" startline="142" endline="153">
public boolean logIn (String username, String password) {
    if (Input.authenticate (username, password)) {
        userID = username;
        beginHomescreen ();
        return true;
    } else {
        return false;
    }
}
</source>
<source file="Group13_source/frontend/View.java" startline="156" endline="159">
protected void swapToCalendar () {
    beginCalendar ();
}
</source>
<source file="Group13_source/frontend/View.java" startline="161" endline="164">
protected void swapToShiftSwapSwapShift () {
    beginSwapShift ();
}
</source>
<source file="Group13_source/frontend/View.java" startline="166" endline="169">
protected void swapToTakeShift () {
    beginTakeShift ();
}
</source>
<source file="Group13_source/frontend/View.java" startline="171" endline="174">
protected void swapToProntPage () {
    beginHomescreen ();
}
</source>
<source file="Group13_source/frontend/View.java" startline="176" endline="178">
protected void swapToNewMessage () {
    beginNewMessage ();
}
</source>
<source file="Group13_source/frontend/View.java" startline="180" endline="182">
protected void swapToManagerSettings () {
    beginManagerSettings ();
}
</source>
<source file="Group13_source/frontend/View.java" startline="184" endline="186">
protected void swapToMessages () {
    beginMessages ();
}
</source>
<source file="Group13_source/frontend/View.java" startline="188" endline="191">
protected LocalDate getCurrentDate () {
    return currentDate;
}
</source>
<source file="Group13_source/frontend/View.java" startline="193" endline="256">
protected LinkedList < LinkedList < Timestamp > > grabScheduleWeekly () {
    Timestamp [] schedule = Input.getSchedule (userID);
    if (schedule == null) {
        return null;
    }
    LinkedList < LinkedList < Timestamp > > weeklySchedule = new LinkedList < LinkedList < Timestamp > > ();
    int i = 0;
    while (i < 7) {
        weeklySchedule.add (new LinkedList < Timestamp > ());
        i = i + 1;
    }
    int arrLength = schedule.length;
    LocalDate compare = currentDate;
    LocalDate temp;
    String parser;
    int dateChecker = 0;
    i = 0;
    while (i < arrLength) {
        parser = schedule [i].toString ();
        parser = parser.substring (0, 10);
        temp = LocalDate.parse (parser);
        int temp2 = compare.compareTo (temp);
        if (compare.compareTo (temp) > 0) {
            i = i + 2;
        } else if (compare.compareTo (temp) < 0) {
            dateChecker = dateChecker + 1;
            if (dateChecker == 7) {
                i = arrLength;
            } else {
                compare = compare.plusDays (1);
            }
        } else {
            weeklySchedule.get (dateChecker).add (schedule [i]);
            weeklySchedule.get (dateChecker).add (schedule [i + 1]);
            i = i + 2;
        }

    }
    return weeklySchedule;
}
</source>
<source file="Group13_source/frontend/View.java" startline="258" endline="348">
protected LinkedList < LinkedList < Timestamp > > grabScheduleMonthly () {
    Timestamp [] schedule = Input.getSchedule (userID);
    LinkedList < LinkedList < Timestamp > > monthlySchedule = new LinkedList < LinkedList < Timestamp > > ();
    if (schedule == null) {
        return null;
    }
    int arrLength = schedule.length;
    LocalDate compare = currentDate;
    LocalDate temp;
    String parser;
    int dateChecker = 0;
    int month = compare.getMonthValue ();
    int monthLimit = 0;
    int i = 0;
    if (month == 2) {
        if (compare.isLeapYear ()) {
            monthLimit = 29;
        } else {
            monthLimit = 28;
        }
    } else if (month == 4 || month == 6 || month == 9 || month == 11) {
        monthLimit = 30;
    } else {
        monthLimit = 31;
    }

    while (i < monthLimit) {
        monthlySchedule.add (new LinkedList < Timestamp > ());
        i = i + 1;
    }
    i = 0;
    while (i < arrLength) {
        parser = schedule [i].toString ();
        parser = parser.substring (0, 10);
        temp = LocalDate.parse (parser);
        int test = temp.getDayOfMonth ();
        if ((temp.getMonthValue ()) < month) {
            i = i + 2;
        } else if ((temp.getMonthValue ()) > month) {
            i = arrLength;
        } else if ((temp.getDayOfMonth () - 1) > dateChecker) {
            dateChecker = dateChecker + 1;
            if (dateChecker == monthLimit) {
                i = arrLength;
            }
        } else {
            monthlySchedule.get (dateChecker).add (schedule [i]);
            monthlySchedule.get (dateChecker).add (schedule [i + 1]);
            i = i + 2;
        }

    }
    return monthlySchedule;
}
</source>
<source file="Group13_source/frontend/View.java" startline="350" endline="369">
protected LinkedList < String > grabInbox () {
    String input = Input.getEmployeeMessages (userID);
    LinkedList < String > inbox = new LinkedList < String > ();
    String partial;
    int i = 0;
    int stringStart = 0;
    while (i < input.length ()) {
        if (input.charAt (i) == '\n') {
            partial = input.substring (stringStart, i);
            inbox.add (partial);
            stringStart = i + 1;
        }
        i = i + 1;
    }
    return inbox;
}
</source>
<source file="Group13_source/frontend/View.java" startline="371" endline="383">
protected LinkedList < Shift > grabGiveShifts () {
    Shift [] shifts = Input.getGiveList ();
    LinkedList < Shift > shiftList = new LinkedList < Shift > ();
    int i = 0;
    while (i < shifts.length) {
        shiftList.add (shifts [i]);
        i = i + 1;
    }
    return shiftList;
}
</source>
<source file="Group13_source/frontend/View.java" startline="385" endline="396">
protected boolean sendMessage (String message, String recipient) {
    if (! Input.isUsernameUnique (recipient)) {
        Input.sendMessage (userID, recipient, message);
        return true;
    } else {
        return false;
    }
}
</source>
<source file="Group13_source/frontend/View.java" startline="398" endline="402">
protected void sendTakeRequest (Shift take) {
    Timestamp [] temp = {take.getShiftStartTime (), take.getShiftEndTime ()};
    Input.createTakeRequest (take.getEmployeeLogin (), userID, temp);
}
</source>
<source file="Group13_source/frontend/View.java" startline="404" endline="419">
private Initializable sceneTransition (String fxml) throws Exception {
    FXMLLoader loader = new FXMLLoader ();
    InputStream in = View.class.getResourceAsStream (fxml);
    loader.setBuilderFactory (new JavaFXBuilderFactory ());
    loader.setLocation (View.class.getResource (fxml));
    AnchorPane page;
    try {
        page = (AnchorPane) loader.load (in);
    } finally {
        in.close ();
    }
    Scene scene = new Scene (page, 800, 600);
    curStage.setScene (scene);
    curStage.sizeToScene ();
    return (Initializable) loader.getController ();
}
</source>
<source file="Group13_source/frontend/View.java" startline="421" endline="428">
public void addEmployee (String ID, String firstName, String lastName, String password, String email, float wage) {
    Employee newEmployee = new Employee (ID, firstName, lastName, 1, Input.createHash (password), email, wage);
    Input.addNewEmployee (newEmployee);
}
</source>
<source file="Group13_source/frontend/View.java" startline="430" endline="434">
public void modifyEmployee (String ID, String firstName, String lastName, String email, float wage) {
    Input.modifyEmployeeInfo (ID, firstName, lastName, email, 1, wage);
}
</source>
<source file="Group13_source/frontend/View.java" startline="436" endline="439">
public void changeAccessLevel (String ID, int accessLevel) {
    Input.changeEmployeeAccessLevel (ID, accessLevel);
}
</source>
<source file="Group13_source/frontend/View.java" startline="441" endline="444">
public void setManager (String employee, String manager) {
    Input.changeEmployeesManager (employee, manager);
}
</source>
<source file="Group13_source/frontend/View.java" startline="446" endline="449">
public void setPassword (String employee, String password) {
    Input.changeEmployeePassword (employee, password);
}
</source>
<source file="Group13_source/frontend/View.java" startline="451" endline="454">
public void removeEmployee (String employee) {
    Input.removeEmployee (employee);
}
</source>
<source file="Group13_source/frontend/View.java" startline="460" endline="462">
public static void main (String [] args) {
    launch (args);
}
</source>
