<source file="Group13_source/controller/RequestResults.java" startline="25" endline="27">
{
}

</source>
<source file="Group13_source/controller/RequestResults.java" startline="33" endline="35">
{
    x1.x2 = x2;
}

</source>
<source file="Group13_source/controller/RequestResults.java" startline="37" endline="39">
{
    return x1;
}

</source>
<source file="Group13_source/controller/RequestResults.java" startline="44" endline="46">
{
    return x1;
}

</source>
<source file="Group13_source/controller/RequestResults.java" startline="51" endline="53">
{
    x1.x2 = x2;
}

</source>
<source file="Group13_source/controller/RequestResults.java" startline="58" endline="60">
{
    return x1;
}

</source>
<source file="Group13_source/controller/RequestResults.java" startline="65" endline="67">
{
    x1.x2 = x2;
}

</source>
<source file="Group13_source/controller/RequestResults.java" startline="72" endline="74">
{
    return x1;
}

</source>
<source file="Group13_source/controller/RequestResults.java" startline="79" endline="81">
{
    x1.x2 = x2;
}

</source>
<source file="Group13_source/controller/RequestResults.java" startline="86" endline="88">
{
    return x1;
}

</source>
<source file="Group13_source/controller/RequestResults.java" startline="93" endline="95">
{
    x1.x2 = x2;
}

</source>
<source file="Group13_source/controller/RequestResults.java" startline="100" endline="102">
{
    return x1;
}

</source>
<source file="Group13_source/controller/RequestResults.java" startline="107" endline="109">
{
    x1.x2 = x2;
}

</source>
<source file="Group13_source/controller/Message.java" startline="27" endline="36">
{
    if (x1 != null && x1.x2 % 2 != 0) throw new x3 ("Shift must contain an even number of elements");

    x4.x5 = x5;
    x4.x6 = x6;
    x4.x1 = x1;
    x4.x7 = x7;
    x4.x8 = x8;
    x4.x9 = x9;
}

</source>
<source file="Group13_source/controller/Message.java" startline="38" endline="40">
{
    return x1;
}

</source>
<source file="Group13_source/controller/Message.java" startline="42" endline="44">
{
    return x1;
}

</source>
<source file="Group13_source/controller/Message.java" startline="46" endline="48">
{
    return x1;
}

</source>
<source file="Group13_source/controller/Message.java" startline="50" endline="52">
{
    return x1;
}

</source>
<source file="Group13_source/controller/Message.java" startline="57" endline="59">
{
    return x1;
}

</source>
<source file="Group13_source/controller/Message.java" startline="64" endline="66">
{
    return x1;
}

</source>
<source file="Group13_source/controller/Employee.java" startline="25" endline="39">
{
    if (x1 == null || x1.x2 ("")) throw new x3 ("Invalid employee Id");

    if (x4 == null || x4.x2 ("")) throw new x3 ("Invalid First Name");

    if (x5 == null || x5.x2 ("")) throw new x3 ("Invalid Last Name");

    if (x6 > 3) throw new x3 ("accessLevel is out of range");

    if (x7 < 0) throw new x3 ("Wage must be a positive number");

    x8.x1 = x1;
    x8.x4 = x4;
    x8.x5 = x5;
    x8.x6 = x6;
    x8.x9 = x9;
    x8.x10 = x10;
    x8.x7 = x7;
}

</source>
<source file="Group13_source/controller/Employee.java" startline="44" endline="46">
{
    return x1;
}

</source>
<source file="Group13_source/controller/Employee.java" startline="51" endline="53">
{
    return x1;
}

</source>
<source file="Group13_source/controller/Employee.java" startline="58" endline="60">
{
    return x1;
}

</source>
<source file="Group13_source/controller/Employee.java" startline="65" endline="67">
{
    return x1;
}

</source>
<source file="Group13_source/controller/Employee.java" startline="72" endline="74">
{
    return x1;
}

</source>
<source file="Group13_source/controller/Employee.java" startline="79" endline="81">
{
    return x1;
}

</source>
<source file="Group13_source/controller/Employee.java" startline="86" endline="88">
{
    return x1;
}

</source>
<source file="Group13_source/controller/Request.java" startline="40" endline="45">
{
    x1.x2 = x2;
    x1.x3 = x3;
    x1.x4 = x4;
    x1.x5 = x5;
}

</source>
<source file="Group13_source/controller/Request.java" startline="49" endline="52">
{
    x1 x2 = new x1 (null, x3, null, null, null, false);
    return new x4 (x5, null, x2, x6.x7);
}

</source>
<source file="Group13_source/controller/Request.java" startline="55" endline="57">
{
    return new x1 (null, null, null, x2.x3);
}

</source>
<source file="Group13_source/controller/Request.java" startline="60" endline="62">
{
    return new x1 (x2, null, null, x3.x4);
}

</source>
<source file="Group13_source/controller/Request.java" startline="65" endline="68">
{
    x1 x2 = new x1 (x3, null, null, null, null, false);
    return new x4 (x5, x6, x2, x7.x8);
}

</source>
<source file="Group13_source/controller/Request.java" startline="70" endline="72">
{
    return new x1 (x2, null, null, x3.x4);
}

</source>
<source file="Group13_source/controller/Request.java" startline="74" endline="77">
{
    x1 x2 = new x1 (null, null, null, x3, null, false);
    return new x4 (x5, null, x2, x6.x7);
}

</source>
<source file="Group13_source/controller/Request.java" startline="79" endline="81">
{
    return new x1 (x2, x3, null, x4.x5);
}

</source>
<source file="Group13_source/controller/Request.java" startline="83" endline="86">
{
    x1 x2 = new x1 (null, null, x3, null, null, false);
    return new x4 (x5, null, x2, x6.x7);
}

</source>
<source file="Group13_source/controller/Request.java" startline="97" endline="100">
{
    x1 x2 = new x1 (null, null, x3, null, null, false);
    return new x4 (x5, x6, x2, x7.x8);
}

</source>
<source file="Group13_source/controller/Request.java" startline="103" endline="106">
{
    x1 x2 = new x1 (null, null, x3, null, null, x4);
    return new x5 (x6, x7, x2, x8.x9);
}

</source>
<source file="Group13_source/controller/Request.java" startline="109" endline="112">
{
    x1 x2 = new x1 (null, null, x3, null, x4, x5);
    return new x6 (null, null, x2, x7.x8);
}

</source>
<source file="Group13_source/controller/Request.java" startline="115" endline="117">
{
    return new x1 (x2, null, null, x3.x4);
}

</source>
<source file="Group13_source/controller/Request.java" startline="120" endline="124">
{
    x1 [] x2 = {x3, x4};
    x5 x6 = new x5 (null, null, x2, null, null, false);
    return new x7 (x8, null, x6, x9.x10);
}

</source>
<source file="Group13_source/controller/Request.java" startline="133" endline="136">
{
    x1 x2 = new x1 (null, x3, null, null, null, false);
    return new x4 (x5, null, x2, x6.x7);
}

</source>
<source file="Group13_source/controller/Request.java" startline="150" endline="154">
{
    x1 x2 = new x1 (x3, x4, x5, x6, null, x7, x8);
    x9 x10 = new x9 (null, null, null, x2, null, false);
    return new x11 (null, null, x10, x12.x13);
}

</source>
<source file="Group13_source/controller/Request.java" startline="166" endline="170">
{
    x1 x2 = new x1 (x3, " ", " ", x4, null, null, 0);
    x5 x6 = new x5 (null, null, null, x2, null, false);
    return new x7 (x3, null, x6, x8.x9);
}

</source>
<source file="Group13_source/controller/Request.java" startline="173" endline="175">
{
    return new x1 (x2, null, null, x3.x4);
}

</source>
<source file="Group13_source/controller/Request.java" startline="178" endline="180">
{
    return new x1 (x2, null, null, x3.x4);
}

</source>
<source file="Group13_source/controller/Request.java" startline="189" endline="192">
{
    x1 x2 = new x1 (null, null, null, null, x3, false);
    return new x4 (x5, null, x2, x6.x7);
}

</source>
<source file="Group13_source/controller/Request.java" startline="200" endline="206">
{
    x1 [] x2 = new x1 [2];
    x2 [0] = x3.x4 ();
    x2 [1] = x3.x5 ();
    x6 x7 = new x6 (null, null, x2, null, null, false);
    return new x8 (x3.x9 (), null, x7, x10.x11);
}

</source>
<source file="Group13_source/controller/Request.java" startline="215" endline="218">
{
    x1 x2 = new x1 (null, null, null, null, x3, x4);
    return new x5 (null, null, x2, x6.x7);
}

</source>
<source file="Group13_source/controller/Request.java" startline="221" endline="223">
{
    return new x1 (x2, x3, null, x4.x5);
}

</source>
<source file="Group13_source/controller/Request.java" startline="232" endline="234">
{
    x1 = x2;
}

</source>
<source file="Group13_source/controller/Request.java" startline="241" endline="243">
{
    x1 = x2;
}

</source>
<source file="Group13_source/controller/Request.java" startline="249" endline="251">
{
    return x1;
}

</source>
<source file="Group13_source/controller/Request.java" startline="257" endline="259">
{
    return x1;
}

</source>
<source file="Group13_source/controller/Request.java" startline="265" endline="267">
{
    return x1;
}

</source>
<source file="Group13_source/controller/Request.java" startline="273" endline="275">
{
    return x1;
}

</source>
<source file="Group13_source/controller/Request.java" startline="277" endline="279">
{
    return x1.x2 ();
}

</source>
<source file="Group13_source/controller/Request.java" startline="281" endline="283">
{
    return x1.x2 ();
}

</source>
<source file="Group13_source/controller/Request.java" startline="285" endline="287">
{
    return x1.x2 ();
}

</source>
<source file="Group13_source/controller/Request.java" startline="289" endline="291">
{
    return x1.x2 ();
}

</source>
<source file="Group13_source/controller/Request.java" startline="293" endline="295">
{
    return x1.x2 ();
}

</source>
<source file="Group13_source/controller/Request.java" startline="297" endline="299">
{
    return x1.x2 ();
}

</source>
<source file="Group13_source/controller/Controller.java" startline="26" endline="43">
{
    try {
        x1.x2 ("org.postgresql.Driver");
    }
    catch (x3 x4) {
        x4.x5 ();
        x6.x7.x8 ("fail");
    }

    try {
        x9 = x10.x11 ("jdbc:postgresql://lovett.usask.ca:5432/", "cmpt370_group13", "1truegod");
    }
    catch (x12 x13) {
        x6.x7.x8 ("Error connecting to Database...");
        x6.x7.x8 (x13.x14 ());
    }

}

</source>
<source file="Group13_source/controller/Controller.java" startline="28" endline="30">
{
    x1.x2 ("org.postgresql.Driver");
}

</source>
<source file="Group13_source/controller/Controller.java" startline="30" endline="33">
{
    x1.x2 ();
    x3.x4.x5 ("fail");
}

</source>
<source file="Group13_source/controller/Controller.java" startline="35" endline="37">
{
    x1 = x2.x3 ("jdbc:postgresql://lovett.usask.ca:5432/", "cmpt370_group13", "1truegod");
}

</source>
<source file="Group13_source/controller/Controller.java" startline="39" endline="42">
{
    x1.x2.x3 ("Error connecting to Database...");
    x1.x2.x3 (x4.x5 ());
}

</source>
<source file="Group13_source/controller/Controller.java" startline="51" endline="364">
{
    x1 x2 = null;
    switch (x3.x4 ()) {
        case x5 :
            {
                x6 x7 = x8.x9 ();
                x7.x10 (x11 (x3.x12 (), x3.x13 () [0], x3.x13 () [1]));
                break;
            }
        case x14 :
            {
                x6 x15 = x8.x9 ();
                x16 x17 = x15.x18 (x19 (x3.x12 ()));
                x17.x20 ();
                x21 x22 = x17.x23 ("manager");
                x16 x24 = x15.x18 (x25 (x22));
                x24.x20 ();
                boolean x26 = x24.x27 ("ma_approval");
                x28.x29.x30 (x26);
                x16 x31 = x15.x18 (x19 (x3.x12 ()));
                x31.x20 ();
                x21 x32 = x31.x23 ("manager");
                x16 x33 = x15.x18 (x25 (x22));
                x33.x20 ();
                boolean x34 = x33.x27 ("ma_approval");
                if (x3.x13 () [2] == null) {
                    x28.x29.x30 (x3.x13 () [0].x35 ());
                    x15.x10 (x36 (x3.x12 (), x3.x37 (), x3.x13 (), "take", x22, x26, x32, x34));
                    x15.x38 ();
                    x39 [] x40 = new x39 [2];
                    x40 [0] = x3.x13 () [0];
                    x40 [1] = x3.x13 () [1];
                    x41 x42 = x41.x43 (x3.x12 (), x3.x37 (), x40, true);
                    x44 (x42);
                }
                else {
                    x15.x45 (x36 (x3.x12 (), x3.x37 (), x3.x13 (), "TRADE", x22, x26, x32, x34));
                    x15.x45 (x46 (x3.x12 (), x3.x37 (), "TRADE: " + x3.x12 () + " wants to trade " + x3.x13 () [0] + " for " + x3.x13 () [2]));
                    x15.x47 ();
                    x15.x38 ();
                }

                break;
            }
        case x48 :
            {
                x6 x49 = x8.x9 ();
                x16 x50 = x49.x18 (x51 (x3.x12 (), x3.x37 (), x3.x13 () [0], x3.x13 () [1]));
                if (! x50.x20 ()) throw new x52 ("Data nor found");

                if (x3.x53 ()) {
                    boolean x54 = x50.x27 ("initmanagersign");
                    boolean x55 = x50.x27 ("finaltmanagersign");
                    if (! x54 || ! x55) {
                        x21 x56 = "nothing";
                        if (x50.x57 ("initshiftstart") != null) {
                            x56 = x50.x57 ("initshiftstart").x35 ();
                        }

                        x6 x58 = x8.x9 ();
                        if (! x54) {
                            x21 x59 = x50.x23 ("initmanagerlogin");
                            x58.x10 (x46 ("Server", x59, "APPROVAL: " + x50.x23 ("initlogin") + " wants to trade " + x56 + " for " + x50.x23 ("finalshiftstart") + ". This request requires your approval"));
                        }

                        if (! x55) {
                            x21 x59 = x50.x23 ("finalmanagerlogin");
                            x58.x10 (x46 ("Server", x59, "APPROVAL: " + x50.x23 ("finallogin") + " wants to trade " + x50.x23 ("finalshiftstart") + " for " + x56 + ". This request requires your approval"));
                        }

                    }
                    else {
                        x60 (x50);
                    }

                }
                else {
                    x21 x61 = x50.x23 ("sender");
                    x49.x45 (x62 (x3.x12 (), x3.x37 (), x3.x13 () [0], x3.x13 () [1]));
                    x49.x45 (x46 ("Server", x61, "TRADE: trading " + x3.x13 () [0] + " was rejected by the recipient"));
                    x49.x47 ();
                }

                x49.x38 ();
                break;
            }
        case x63 :
            {
                x6 x64 = x8.x9 ();
                x16 x50 = x64.x18 (x51 (x3.x12 (), x3.x37 (), x3.x13 () [0], x3.x13 () [1]));
                if (! x50.x20 ()) throw new x52 ("Data not found");

                if (x3.x53 ()) {
                    x6 x65 = x8.x9 ();
                    x65.x18 (x66 (x3.x12 (), x3.x37 (), x3.x13 () [0], x3.x13 () [1], x3.x67 ()));
                    boolean x54 = x50.x27 ("initmanagersign");
                    boolean x55 = x50.x27 ("finaltmanagersign");
                    if (x54 && x55) x60 (x50);

                }
                else {
                    x21 x61 = x50.x23 ("sender");
                    x21 x68 = x50.x23 ("recipient");
                    x64.x45 (x62 (x3.x12 (), x3.x37 (), x3.x13 () [0], x3.x13 () [1]));
                    x64.x45 (x46 ("Server", x61, "TRADE: trading " + x3.x13 () [0] + " was rejected by a manager"));
                    x64.x45 (x46 ("Server", x61, "TRADE: trading " + x3.x13 () [1] + " was rejected by a manager"));
                    x64.x47 ();
                }

                x64.x38 ();
                break;
            }
        case x69 :
            {
                x6 x70 = x8.x9 ();
                x70.x10 (x71 (x3.x12 (), x3.x13 () [0], x3.x13 () [1]));
                x70.x38 ();
            }
        case x72 :
            {
                boolean x73 = false;
                x6 x74 = x8.x9 ();
                x16 x75 = x74.x18 (x76.x77 (x3.x12 ()));
                while (x75.x20 () && ! x73) {
                    byte [] x78 = x3.x79 ();
                    byte [] x80 = x75.x81 ("emppassword");
                    x73 = x82.x83 (x78, x80);
                }

                x2 = new x1 ();
                x2.x84 (x73);
                x74.x38 ();
                break;
            }
        case x85 :
            {
                x86 x87 = x8.x88 ("INSERT INTO employees (empfirstname, emplastname, empaccesslevel, emplogin, emppassword, empemail, empwage)" + " VALUES (?, ?, ?, ?, ?, ?, ?)");
                x89 x90 = x3.x91 ();
                x87.x92 (1, x90.x93 ());
                x87.x92 (2, x90.x94 ());
                x87.x95 (3, x90.x96 ());
                x87.x92 (4, x90.x97 ());
                x87.x98 (5, x90.x79 ());
                x87.x92 (6, x90.x99 ());
                x87.x100 (7, x90.x101 ());
                x87.x10 ();
                x87.x38 ();
                x6 x102 = x8.x9 ();
                x102.x103 (x76.x104 (x90.x97 ()));
                break;
            }
        case x105 :
            {
                break;
            }
        case x106 :
            {
                x6 x107 = x8.x9 (x16.x108, x16.x109);
                x16 x75 = x107.x18 (x76.x110 (x3.x12 ()));
                x39 [] x111 = x112 (x75);
                x2 = new x1 ();
                x2.x113 (x111);
                x107.x38 ();
                break;
            }
        case x114 :
            {
                x6 x115 = x8.x9 ();
                x16 x75 = x115.x18 (x76.x116 (x3.x12 ()));
                if (! x75.x20 ()) return null;

                x2 = new x1 ();
                x2.x84 (x75.x27 ("isfound"));
                x115.x38 ();
                break;
            }
        case x117 :
            {
                x6 x118 = x8.x9 ();
                x16 x75 = x118.x18 (x19 (x3.x12 ()));
                if (! x75.x20 ()) return null;

                x2 = new x1 ();
                x89 x119 = new x89 (x3.x12 (), x75.x23 ("empfirstname"), x75.x23 ("emplastname"), x75.x120 ("empaccesslevel"), null, x75.x23 ("empemail"), x75.x121 ("empwage"));
                x2.x122 (x119);
            }
        case x123 :
            {
                x6 x124 = x8.x9 ();
                x16 x75 = x124.x18 (x125 (x3.x12 (), x3.x37 ()));
                if (! x75.x20 ()) return null;

                x2 = new x1 ();
                x2.x126 (x75.x23 ("emplogin"));
            }
        case x127 :
            {
                x6 x128 = x8.x9 (x16.x108, x16.x109);
                x16 x75 = x128.x18 (x76.x129 (x3.x13 () [0], x3.x13 () [1], x3.x12 ()));
                x39 [] x111 = x112 (x75);
                x2 = new x1 ();
                x2.x113 (x111);
                x128.x38 ();
                break;
            }
        case x130 :
            {
                x86 x131 = x8.x88 ("UPDATE employees SET emppassword = ? WHERE emplogin = ? ");
                x131.x98 (1, x3.x79 ());
                x131.x92 (2, x3.x12 ());
                x131.x10 ();
                x131.x38 ();
                break;
            }
        case x132 :
            {
                x6 x133 = x8.x9 (x16.x108, x16.x109);
                x16 x134 = x133.x18 (x135 ());
                x21 [] x136;
                x39 [] x137;
                if (x134.x138 ()) {
                    x136 = new x21 [x134.x139 ()];
                    x137 = new x39 [x134.x139 () * 2];
                }
                else return null;

                x134.x140 ();
                int x141 = 0;
                while (x134.x20 ()) {
                    x136 [x141] = x134.x23 ("giverlogin");
                    x137 [x141 * 2] = x134.x57 ("givershiftstart");
                    x137 [x141 * 2 + 1] = x134.x57 ("givershiftend");
                    x141 ++;
                }

                x134.x38 ();
                x2 = new x1 ();
                x2.x142 (x136);
                x2.x113 (x137);
                break;
            }
        case x143 :
            {
                x6 x144 = x8.x9 ();
                x144.x10 (x46 (x3.x12 (), x3.x37 (), "MESSAGE: " + x3.x145 ()));
                x144.x38 ();
                break;
            }
        case x146 :
            {
                x6 x147 = x8.x9 ();
                x16 x148 = x147.x18 (x149 (x3.x12 ()));
                x2 = new x1 ();
                x21 x150 = "";
                while (x148.x20 ()) {
                    x150 += "From: " + x148.x23 ("mssgsender") + " To: " + x148.x23 ("mssgreciever") + " -> " + x148.x23 ("mssgtext") + "\n";
                }

                x2.x126 (x150);
                break;
            }
        case x151 :
            {
                x6 x152 = x8.x9 ();
                x152.x10 (x153 (x3.x12 (), x3.x154 ()));
                x152.x38 ();
                break;
            }
        case x155 :
            {
                x6 x156 = x8.x9 ();
                x156.x10 (x157 (x3.x154 (), x3.x53 ()));
                x156.x38 ();
                break;
            }
        case x158 :
            {
                x6 x159 = x8.x9 ();
                x159.x10 (x160 (null, null, x3.x91 ().x96 (), x3.x12 (), null, - 1));
                x159.x38 ();
                break;
            }
        case x161 :
            {
                x2 = new x1 ();
                x6 x162 = x8.x9 ();
                x16 x75 = x162.x18 (x163 (x3.x12 ()));
                x162.x38 ();
                x2.x164 (x75.x120 ("empaccesslevel"));
                break;
            }
    }
    return x2;
}

</source>
<source file="Group13_source/controller/Controller.java" startline="55" endline="59">
{
    x1 x2 = x3.x4 ();
    x2.x5 (x6 (x7.x8 (), x7.x9 () [0], x7.x9 () [1]));
    break;
}

</source>
<source file="Group13_source/controller/Controller.java" startline="61" endline="99">
{
    x1 x2 = x3.x4 ();
    x5 x6 = x2.x7 (x8 (x9.x10 ()));
    x6.x11 ();
    x12 x13 = x6.x14 ("manager");
    x5 x15 = x2.x7 (x16 (x13));
    x15.x11 ();
    boolean x17 = x15.x18 ("ma_approval");
    x19.x20.x21 (x17);
    x5 x22 = x2.x7 (x8 (x9.x10 ()));
    x22.x11 ();
    x12 x23 = x22.x14 ("manager");
    x5 x24 = x2.x7 (x16 (x13));
    x24.x11 ();
    boolean x25 = x24.x18 ("ma_approval");
    if (x9.x26 () [2] == null) {
        x19.x20.x21 (x9.x26 () [0].x27 ());
        x2.x28 (x29 (x9.x10 (), x9.x30 (), x9.x26 (), "take", x13, x17, x23, x25));
        x2.x31 ();
        x32 [] x33 = new x32 [2];
        x33 [0] = x9.x26 () [0];
        x33 [1] = x9.x26 () [1];
        x34 x35 = x34.x36 (x9.x10 (), x9.x30 (), x33, true);
        x37 (x35);
    }
    else {
        x2.x38 (x29 (x9.x10 (), x9.x30 (), x9.x26 (), "TRADE", x13, x17, x23, x25));
        x2.x38 (x39 (x9.x10 (), x9.x30 (), "TRADE: " + x9.x10 () + " wants to trade " + x9.x26 () [0] + " for " + x9.x26 () [2]));
        x2.x40 ();
        x2.x31 ();
    }

    break;
}

</source>
<source file="Group13_source/controller/Controller.java" startline="81" endline="90">
{
    x1.x2.x3 (x4.x5 () [0].x6 ());
    x7.x8 (x9 (x4.x10 (), x4.x11 (), x4.x5 (), "take", x12, x13, x14, x15));
    x7.x16 ();
    x17 [] x18 = new x17 [2];
    x18 [0] = x4.x5 () [0];
    x18 [1] = x4.x5 () [1];
    x19 x20 = x19.x21 (x4.x10 (), x4.x11 (), x18, true);
    x22 (x20);
}

</source>
<source file="Group13_source/controller/Controller.java" startline="92" endline="97">
{
    x1.x2 (x3 (x4.x5 (), x4.x6 (), x4.x7 (), "TRADE", x8, x9, x10, x11));
    x1.x2 (x12 (x4.x5 (), x4.x6 (), "TRADE: " + x4.x5 () + " wants to trade " + x4.x7 () [0] + " for " + x4.x7 () [2]));
    x1.x13 ();
    x1.x14 ();
}

</source>
<source file="Group13_source/controller/Controller.java" startline="101" endline="143">
{
    x1 x2 = x3.x4 ();
    x5 x6 = x2.x7 (x8 (x9.x10 (), x9.x11 (), x9.x12 () [0], x9.x12 () [1]));
    if (! x6.x13 ()) throw new x14 ("Data nor found");

    if (x9.x15 ()) {
        boolean x16 = x6.x17 ("initmanagersign");
        boolean x18 = x6.x17 ("finaltmanagersign");
        if (! x16 || ! x18) {
            x19 x20 = "nothing";
            if (x6.x21 ("initshiftstart") != null) {
                x20 = x6.x21 ("initshiftstart").x22 ();
            }

            x1 x23 = x3.x4 ();
            if (! x16) {
                x19 x24 = x6.x25 ("initmanagerlogin");
                x23.x26 (x27 ("Server", x24, "APPROVAL: " + x6.x25 ("initlogin") + " wants to trade " + x20 + " for " + x6.x25 ("finalshiftstart") + ". This request requires your approval"));
            }

            if (! x18) {
                x19 x24 = x6.x25 ("finalmanagerlogin");
                x23.x26 (x27 ("Server", x24, "APPROVAL: " + x6.x25 ("finallogin") + " wants to trade " + x6.x25 ("finalshiftstart") + " for " + x20 + ". This request requires your approval"));
            }

        }
        else {
            x28 (x6);
        }

    }
    else {
        x19 x29 = x6.x25 ("sender");
        x2.x30 (x31 (x9.x10 (), x9.x11 (), x9.x12 () [0], x9.x12 () [1]));
        x2.x30 (x27 ("Server", x29, "TRADE: trading " + x9.x12 () [0] + " was rejected by the recipient"));
        x2.x32 ();
    }

    x2.x33 ();
    break;
}

</source>
<source file="Group13_source/controller/Controller.java" startline="107" endline="133">
{
    boolean x1 = x2.x3 ("initmanagersign");
    boolean x4 = x2.x3 ("finaltmanagersign");
    if (! x1 || ! x4) {
        x5 x6 = "nothing";
        if (x2.x7 ("initshiftstart") != null) {
            x6 = x2.x7 ("initshiftstart").x8 ();
        }

        x9 x10 = x11.x12 ();
        if (! x1) {
            x5 x13 = x2.x14 ("initmanagerlogin");
            x10.x15 (x16 ("Server", x13, "APPROVAL: " + x2.x14 ("initlogin") + " wants to trade " + x6 + " for " + x2.x14 ("finalshiftstart") + ". This request requires your approval"));
        }

        if (! x4) {
            x5 x13 = x2.x14 ("finalmanagerlogin");
            x10.x15 (x16 ("Server", x13, "APPROVAL: " + x2.x14 ("finallogin") + " wants to trade " + x2.x14 ("finalshiftstart") + " for " + x6 + ". This request requires your approval"));
        }

    }
    else {
        x17 (x2);
    }

}

</source>
<source file="Group13_source/controller/Controller.java" startline="111" endline="128">
{
    x1 x2 = "nothing";
    if (x3.x4 ("initshiftstart") != null) {
        x2 = x3.x4 ("initshiftstart").x5 ();
    }

    x6 x7 = x8.x9 ();
    if (! x10) {
        x1 x11 = x3.x12 ("initmanagerlogin");
        x7.x13 (x14 ("Server", x11, "APPROVAL: " + x3.x12 ("initlogin") + " wants to trade " + x2 + " for " + x3.x12 ("finalshiftstart") + ". This request requires your approval"));
    }

    if (! x15) {
        x1 x11 = x3.x12 ("finalmanagerlogin");
        x7.x13 (x14 ("Server", x11, "APPROVAL: " + x3.x12 ("finallogin") + " wants to trade " + x3.x12 ("finalshiftstart") + " for " + x2 + ". This request requires your approval"));
    }

}

</source>
<source file="Group13_source/controller/Controller.java" startline="114" endline="116">
{
    x1 = x2.x3 ("initshiftstart").x4 ();
}

</source>
<source file="Group13_source/controller/Controller.java" startline="119" endline="122">
{
    x1 x2 = x3.x4 ("initmanagerlogin");
    x5.x6 (x7 ("Server", x2, "APPROVAL: " + x3.x4 ("initlogin") + " wants to trade " + x8 + " for " + x3.x4 ("finalshiftstart") + ". This request requires your approval"));
}

</source>
<source file="Group13_source/controller/Controller.java" startline="124" endline="127">
{
    x1 x2 = x3.x4 ("finalmanagerlogin");
    x5.x6 (x7 ("Server", x2, "APPROVAL: " + x3.x4 ("finallogin") + " wants to trade " + x3.x4 ("finalshiftstart") + " for " + x8 + ". This request requires your approval"));
}

</source>
<source file="Group13_source/controller/Controller.java" startline="130" endline="132">
{
    x1 (x2);
}

</source>
<source file="Group13_source/controller/Controller.java" startline="135" endline="140">
{
    x1 x2 = x3.x4 ("sender");
    x5.x6 (x7 (x8.x9 (), x8.x10 (), x8.x11 () [0], x8.x11 () [1]));
    x5.x6 (x12 ("Server", x2, "TRADE: trading " + x8.x11 () [0] + " was rejected by the recipient"));
    x5.x13 ();
}

</source>
<source file="Group13_source/controller/Controller.java" startline="145" endline="170">
{
    x1 x2 = x3.x4 ();
    x5 x6 = x2.x7 (x8 (x9.x10 (), x9.x11 (), x9.x12 () [0], x9.x12 () [1]));
    if (! x6.x13 ()) throw new x14 ("Data not found");

    if (x9.x15 ()) {
        x1 x16 = x3.x4 ();
        x16.x7 (x17 (x9.x10 (), x9.x11 (), x9.x12 () [0], x9.x12 () [1], x9.x18 ()));
        boolean x19 = x6.x20 ("initmanagersign");
        boolean x21 = x6.x20 ("finaltmanagersign");
        if (x19 && x21) x22 (x6);

    }
    else {
        x23 x24 = x6.x25 ("sender");
        x23 x26 = x6.x25 ("recipient");
        x2.x27 (x28 (x9.x10 (), x9.x11 (), x9.x12 () [0], x9.x12 () [1]));
        x2.x27 (x29 ("Server", x24, "TRADE: trading " + x9.x12 () [0] + " was rejected by a manager"));
        x2.x27 (x29 ("Server", x24, "TRADE: trading " + x9.x12 () [1] + " was rejected by a manager"));
        x2.x30 ();
    }

    x2.x31 ();
    break;
}

</source>
<source file="Group13_source/controller/Controller.java" startline="151" endline="158">
{
    x1 x2 = x3.x4 ();
    x2.x5 (x6 (x7.x8 (), x7.x9 (), x7.x10 () [0], x7.x10 () [1], x7.x11 ()));
    boolean x12 = x13.x14 ("initmanagersign");
    boolean x15 = x13.x14 ("finaltmanagersign");
    if (x12 && x15) x16 (x13);

}

</source>
<source file="Group13_source/controller/Controller.java" startline="160" endline="167">
{
    x1 x2 = x3.x4 ("sender");
    x1 x5 = x3.x4 ("recipient");
    x6.x7 (x8 (x9.x10 (), x9.x11 (), x9.x12 () [0], x9.x12 () [1]));
    x6.x7 (x13 ("Server", x2, "TRADE: trading " + x9.x12 () [0] + " was rejected by a manager"));
    x6.x7 (x13 ("Server", x2, "TRADE: trading " + x9.x12 () [1] + " was rejected by a manager"));
    x6.x14 ();
}

</source>
<source file="Group13_source/controller/Controller.java" startline="172" endline="176">
{
    x1 x2 = x3.x4 ();
    x2.x5 (x6 (x7.x8 (), x7.x9 () [0], x7.x9 () [1]));
    x2.x10 ();
}

</source>
<source file="Group13_source/controller/Controller.java" startline="178" endline="193">
{
    boolean x1 = false;
    x2 x3 = x4.x5 ();
    x6 x7 = x3.x8 (x9.x10 (x11.x12 ()));
    while (x7.x13 () && ! x1) {
        byte [] x14 = x11.x15 ();
        byte [] x16 = x7.x17 ("emppassword");
        x1 = x18.x19 (x14, x16);
    }

    x20 = new x21 ();
    x20.x22 (x1);
    x3.x23 ();
    break;
}

</source>
<source file="Group13_source/controller/Controller.java" startline="183" endline="188">
{
    byte [] x1 = x2.x3 ();
    byte [] x4 = x5.x6 ("emppassword");
    x7 = x8.x9 (x1, x4);
}

</source>
<source file="Group13_source/controller/Controller.java" startline="195" endline="218">
{
    x1 x2 = x3.x4 ("INSERT INTO employees (empfirstname, emplastname, empaccesslevel, emplogin, emppassword, empemail, empwage)" + " VALUES (?, ?, ?, ?, ?, ?, ?)");
    x5 x6 = x7.x8 ();
    x2.x9 (1, x6.x10 ());
    x2.x9 (2, x6.x11 ());
    x2.x12 (3, x6.x13 ());
    x2.x9 (4, x6.x14 ());
    x2.x15 (5, x6.x16 ());
    x2.x9 (6, x6.x17 ());
    x2.x18 (7, x6.x19 ());
    x2.x20 ();
    x2.x21 ();
    x22 x23 = x3.x24 ();
    x23.x25 (x26.x27 (x6.x14 ()));
    break;
}

</source>
<source file="Group13_source/controller/Controller.java" startline="220" endline="222">
{
    break;
}

</source>
<source file="Group13_source/controller/Controller.java" startline="224" endline="232">
{
    x1 x2 = x3.x4 (x5.x6, x5.x7);
    x5 x8 = x2.x9 (x10.x11 (x12.x13 ()));
    x14 [] x15 = x16 (x8);
    x17 = new x18 ();
    x17.x19 (x15);
    x2.x20 ();
    break;
}

</source>
<source file="Group13_source/controller/Controller.java" startline="234" endline="243">
{
    x1 x2 = x3.x4 ();
    x5 x6 = x2.x7 (x8.x9 (x10.x11 ()));
    if (! x6.x12 ()) return null;

    x13 = new x14 ();
    x13.x15 (x6.x16 ("isfound"));
    x2.x17 ();
    break;
}

</source>
<source file="Group13_source/controller/Controller.java" startline="245" endline="253">
{
    x1 x2 = x3.x4 ();
    x5 x6 = x2.x7 (x8 (x9.x10 ()));
    if (! x6.x11 ()) return null;

    x12 = new x13 ();
    x14 x15 = new x14 (x9.x10 (), x6.x16 ("empfirstname"), x6.x16 ("emplastname"), x6.x17 ("empaccesslevel"), null, x6.x16 ("empemail"), x6.x18 ("empwage"));
    x12.x19 (x15);
}

</source>
<source file="Group13_source/controller/Controller.java" startline="255" endline="262">
{
    x1 x2 = x3.x4 ();
    x5 x6 = x2.x7 (x8 (x9.x10 (), x9.x11 ()));
    if (! x6.x12 ()) return null;

    x13 = new x14 ();
    x13.x15 (x6.x16 ("emplogin"));
}

</source>
<source file="Group13_source/controller/Controller.java" startline="264" endline="272">
{
    x1 x2 = x3.x4 (x5.x6, x5.x7);
    x5 x8 = x2.x9 (x10.x11 (x12.x13 () [0], x12.x13 () [1], x12.x14 ()));
    x15 [] x16 = x17 (x8);
    x18 = new x19 ();
    x18.x20 (x16);
    x2.x21 ();
    break;
}

</source>
<source file="Group13_source/controller/Controller.java" startline="274" endline="282">
{
    x1 x2 = x3.x4 ("UPDATE employees SET emppassword = ? WHERE emplogin = ? ");
    x2.x5 (1, x6.x7 ());
    x2.x8 (2, x6.x9 ());
    x2.x10 ();
    x2.x11 ();
    break;
}

</source>
<source file="Group13_source/controller/Controller.java" startline="284" endline="311">
{
    x1 x2 = x3.x4 (x5.x6, x5.x7);
    x5 x8 = x2.x9 (x10 ());
    x11 [] x12;
    x13 [] x14;
    if (x8.x15 ()) {
        x12 = new x11 [x8.x16 ()];
        x14 = new x13 [x8.x16 () * 2];
    }
    else return null;

    x8.x17 ();
    int x18 = 0;
    while (x8.x19 ()) {
        x12 [x18] = x8.x20 ("giverlogin");
        x14 [x18 * 2] = x8.x21 ("givershiftstart");
        x14 [x18 * 2 + 1] = x8.x21 ("givershiftend");
        x18 ++;
    }

    x8.x22 ();
    x23 = new x24 ();
    x23.x25 (x12);
    x23.x26 (x14);
    break;
}

</source>
<source file="Group13_source/controller/Controller.java" startline="290" endline="293">
{
    x1 = new x2 [x3.x4 ()];
    x5 = new x6 [x3.x4 () * 2];
}

</source>
<source file="Group13_source/controller/Controller.java" startline="300" endline="305">
{
    x1 [x2] = x3.x4 ("giverlogin");
    x5 [x2 * 2] = x3.x6 ("givershiftstart");
    x5 [x2 * 2 + 1] = x3.x6 ("givershiftend");
    x2 ++;
}

</source>
<source file="Group13_source/controller/Controller.java" startline="313" endline="318">
{
    x1 x2 = x3.x4 ();
    x2.x5 (x6 (x7.x8 (), x7.x9 (), "MESSAGE: " + x7.x10 ()));
    x2.x11 ();
    break;
}

</source>
<source file="Group13_source/controller/Controller.java" startline="320" endline="331">
{
    x1 x2 = x3.x4 ();
    x5 x6 = x2.x7 (x8 (x9.x10 ()));
    x11 = new x12 ();
    x13 x14 = "";
    while (x6.x15 ()) {
        x14 += "From: " + x6.x16 ("mssgsender") + " To: " + x6.x16 ("mssgreciever") + " -> " + x6.x16 ("mssgtext") + "\n";
    }

    x11.x17 (x14);
    break;
}

</source>
<source file="Group13_source/controller/Controller.java" startline="326" endline="328">
{
    x1 += "From: " + x2.x3 ("mssgsender") + " To: " + x2.x3 ("mssgreciever") + " -> " + x2.x3 ("mssgtext") + "\n";
}

</source>
<source file="Group13_source/controller/Controller.java" startline="333" endline="338">
{
    x1 x2 = x3.x4 ();
    x2.x5 (x6 (x7.x8 (), x7.x9 ()));
    x2.x10 ();
    break;
}

</source>
<source file="Group13_source/controller/Controller.java" startline="340" endline="345">
{
    x1 x2 = x3.x4 ();
    x2.x5 (x6 (x7.x8 (), x7.x9 ()));
    x2.x10 ();
    break;
}

</source>
<source file="Group13_source/controller/Controller.java" startline="347" endline="352">
{
    x1 x2 = x3.x4 ();
    x2.x5 (x6 (null, null, x7.x8 ().x9 (), x7.x10 (), null, - 1));
    x2.x11 ();
    break;
}

</source>
<source file="Group13_source/controller/Controller.java" startline="354" endline="361">
{
    x1 = new x2 ();
    x3 x4 = x5.x6 ();
    x7 x8 = x4.x9 (x10 (x11.x12 ()));
    x4.x13 ();
    x1.x14 (x8.x15 ("empaccesslevel"));
    break;
}

</source>
<source file="Group13_source/controller/Controller.java" startline="371" endline="378">
{
    return ("DELETE FROM shifttransaction" + " WHERE " + "initlogin = '" + x1 + "' AND initshiftstart = '" + x2 + "' AND intshiftend = '" + x3 + "';");
}

</source>
<source file="Group13_source/controller/Controller.java" startline="387" endline="400">
{
    x1 [] x2;
    if (x3.x4 ()) x2 = new x1 [x3.x5 () * 2];
    else return null;

    x3.x6 ();
    for (int x7 = 0;
    x3.x8 (); x7 = x7 + 2) {
        x2 [x7] = x3.x9 ("shiftstarttime");
        x2 [x7 + 1] = x3.x9 ("shiftendtime");
    }

    return x2;
}

</source>
<source file="Group13_source/controller/Controller.java" startline="395" endline="398">
{
    x1 [x2] = x3.x4 ("shiftstarttime");
    x1 [x2 + 1] = x3.x4 ("shiftendtime");
}

</source>
<source file="Group13_source/controller/Controller.java" startline="403" endline="413">
{
    x1 x2 = x3.x4 ();
    if (x5.x6 ("transactiontype").x7 ("TRADE")) {
        x2.x8 (x9 (x5.x6 ("initlogin"), x5.x10 ("initshiftstart"), x5.x10 ("initshiftend")));
        x2.x8 (x9 (x5.x6 ("finallogin"), x5.x10 ("initshiftstart"), x5.x10 ("initshiftend")));
    }

    x2.x8 (x9 (x5.x6 ("finallogin"), x5.x10 ("finalshiftstart"), x5.x10 ("finalshiftend")));
    x2.x8 (x11 (x5.x6 ("initlogin"), x5.x10 ("finalshiftstart"), x5.x10 ("finalshiftend")));
    x2.x12 ();
}

</source>
<source file="Group13_source/controller/Controller.java" startline="406" endline="409">
{
    x1.x2 (x3 (x4.x5 ("initlogin"), x4.x6 ("initshiftstart"), x4.x6 ("initshiftend")));
    x1.x2 (x3 (x4.x5 ("finallogin"), x4.x6 ("initshiftstart"), x4.x6 ("initshiftend")));
}

</source>
<source file="Group13_source/controller/Controller.java" startline="421" endline="431">
{
    x1 x2;
    if (x3 == null) x2 = "null";
    else x2 = x3.x4 ();

    return ("Select * from shifttransaction WHERE " + "initlogin ='" + x5 + "' AND " + "initshiftstart = '" + x6 + "' AND " + "initshiftend = '" + x3 + "';");
}

</source>
<source file="Group13_source/controller/Controller.java" startline="438" endline="443">
{
    return ("Select transactionid from shifttransaction WHERE " + "initlogin ='" + x1 + "' AND " + "initshiftstart = '" + x2 + "' AND " + "initshiftend = '" + x3 + "';");
}

</source>
<source file="Group13_source/controller/Controller.java" startline="446" endline="448">
{
    return "SELECT empLogin, empPassword FROM login WHERE empLogin = '" + x1 + "'";
}

</source>
<source file="Group13_source/controller/Controller.java" startline="456" endline="461">
{
    return "SELECT empfirstname, emplastname, empaccesslevel," + " emplogin, empemail, manager, empwage" + " FROM full_employee_info" + " WHERE emplogin = '" + x1 + "'";
}

</source>
<source file="Group13_source/controller/Controller.java" startline="467" endline="470">
{
    return "SELECT emplogin from full_employee_info where empfirstname = '" + x1 + "' AND emplastname = '" + x2 + "';";
}

</source>
<source file="Group13_source/controller/Controller.java" startline="478" endline="483">
{
    return "SELECT shiftemployeelogin, shiftstarttime, shiftendtime" + " FROM employeeshifts" + " WHERE shiftemployeelogin = '" + x1 + "'" + " ORDER BY shiftstarttime";
}

</source>
<source file="Group13_source/controller/Controller.java" startline="498" endline="535">
{
    boolean x1 = false;
    x2 x3 = "UPDATE employees SET ";
    if (x4 != null) {
        x3 = x3 + "empfirstname = '" + x4 + "'";
        x1 = true;
    }

    if (x5 != null) {
        if (x1 == true) {
            x3 = x3 + ", ";
        }

        x3 = x3 + "emplastname = '" + x5 + "' ";
        x1 = true;
    }

    if (x6 != - 1) {
        if (x1 == true) {
            x3 = x3 + ", ";
        }

        x3 = x3 + "empaccesslevel = '" + x6 + "' ";
        x1 = true;
    }

    if (x7 != null) {
        if (x1 == true) {
            x3 = x3 + ", ";
        }

        x3 = x3 + "empemail = '" + x7 + "' ";
        x1 = true;
    }

    if (x8 >= 0) {
        if (x1 == true) {
            x3 = x3 + ", ";
        }

        x3 = x3 + "empwage = '" + x8 + "' ";
        x1 = true;
    }

    x3 = x3 + " WHERE emplogin = '" + x9 + "'";
    return x3;
}

</source>
<source file="Group13_source/controller/Controller.java" startline="501" endline="504">
{
    x1 = x1 + "empfirstname = '" + x2 + "'";
    x3 = true;
}

</source>
<source file="Group13_source/controller/Controller.java" startline="505" endline="511">
{
    if (x1 == true) {
        x2 = x2 + ", ";
    }

    x2 = x2 + "emplastname = '" + x3 + "' ";
    x1 = true;
}

</source>
<source file="Group13_source/controller/Controller.java" startline="506" endline="508">
{
    x1 = x1 + ", ";
}

</source>
<source file="Group13_source/controller/Controller.java" startline="512" endline="518">
{
    if (x1 == true) {
        x2 = x2 + ", ";
    }

    x2 = x2 + "empaccesslevel = '" + x3 + "' ";
    x1 = true;
}

</source>
<source file="Group13_source/controller/Controller.java" startline="513" endline="515">
{
    x1 = x1 + ", ";
}

</source>
<source file="Group13_source/controller/Controller.java" startline="519" endline="525">
{
    if (x1 == true) {
        x2 = x2 + ", ";
    }

    x2 = x2 + "empemail = '" + x3 + "' ";
    x1 = true;
}

</source>
<source file="Group13_source/controller/Controller.java" startline="520" endline="522">
{
    x1 = x1 + ", ";
}

</source>
<source file="Group13_source/controller/Controller.java" startline="526" endline="532">
{
    if (x1 == true) {
        x2 = x2 + ", ";
    }

    x2 = x2 + "empwage = '" + x3 + "' ";
    x1 = true;
}

</source>
<source file="Group13_source/controller/Controller.java" startline="527" endline="529">
{
    x1 = x1 + ", ";
}

</source>
<source file="Group13_source/controller/Controller.java" startline="546" endline="549">
{
    return "INSERT INTO bossmanager (employee)" + " VALUES ('" + x1 + "')";
}

</source>
<source file="Group13_source/controller/Controller.java" startline="558" endline="562">
{
    return "UPDATE bossmanager " + "SET manager = '" + x1 + "' " + "WHERE employee = '" + x2 + "' ";
}

</source>
<source file="Group13_source/controller/Controller.java" startline="572" endline="579">
{
    return "INSERT INTO employeeinbox (mssgsender, mssgreciever, mssgtext)" + "VALUES(" + "'" + x1 + "', " + "'" + x2 + "', " + "'" + x3 + "' " + ")";
}

</source>
<source file="Group13_source/controller/Controller.java" startline="587" endline="592">
{
    return "SELECT mssgreciever, mssgsender, mssgtext, mssgsendtime " + "FROM employeeinbox " + "WHERE mssgreciever = '" + x1 + "' " + "ORDER BY mssgsendtime";
}

</source>
<source file="Group13_source/controller/Controller.java" startline="595" endline="600">
{
    return "DELETE FROM employeeinbox WHERE " + "mssgsender = '" + x1 + "' AND " + "mssgreciever = '" + x2 + "' AND " + "mssgsendtime = '" + x3 + "' ";
}

</source>
<source file="Group13_source/controller/Controller.java" startline="609" endline="615">
{
    return "SELECT exists(" + "SELECT emplogin " + "FROM employees " + "WHERE emplogin = '" + x1 + "') " + "as isfound";
}

</source>
<source file="Group13_source/controller/Controller.java" startline="627" endline="642">
{
    x1 x2 = "SELECT shiftemployeelogin, shiftstarttime, shiftendtime " + "FROM employeeshifts " + "WHERE shiftstarttime >= '" + x3.x4 () + "' " + "AND shiftstarttime <= '" + x5.x4 () + "' " + "AND shiftendtime <= '" + x5.x4 () + "' " + "AND shiftendtime >= '" + x3.x4 () + "' ";
    if (x6 != null) {
        x2 = x2 + "AND shiftemployeelogin = '" + x6 + "' ";
    }

    x2 = x2 + "ORDER BY shiftstarttime";
    return x2;
}

</source>
<source file="Group13_source/controller/Controller.java" startline="636" endline="638">
{
    x1 = x1 + "AND shiftemployeelogin = '" + x2 + "' ";
}

</source>
<source file="Group13_source/controller/Controller.java" startline="650" endline="654">
{
    return "SELECT emplogin " + "FROM employees " + "WHERE empaccesslevel = '2' ";
}

</source>
<source file="Group13_source/controller/Controller.java" startline="662" endline="686">
{
    x1 x2 = "DELETE FROM bossmanager WHERE employee = '" + x3 + "'; ";
    x1 x4 = "UPDATE bossmanager SET manager = NULL WHERE manager = '" + x3 + "'; ";
    x1 x5 = "DELETE FROM giveshifts WHERE giverlogin = '" + x3 + "'; ";
    x1 x6 = "DELETE FROM shifttransaction WHERE initlogin = '" + x3 + "'; ";
    x1 x7 = "DELETE FROM shifttransaction WHERE finallogin = '" + x3 + "'; ";
    x1 x8 = "DELETE FROM employeeshifts WHERE shiftemployeelogin = '" + x3 + "'; ";
    x1 x9 = "DELETE FROM employeeinbox WHERE mssgreciever = '" + x3 + "'; ";
    x1 x10 = "DELETE FROM employees WHERE emplogin = '" + x3 + "' ";
    return x2 + x4 + x5 + x6 + x7 + x8 + x9 + x10;
}

</source>
<source file="Group13_source/controller/Controller.java" startline="696" endline="703">
{
    return "INSERT INTO giveshifts(giverlogin, givershiftstart, givershiftend)" + " VALUES(" + "'" + x1 + "', " + "'" + x2.x3 () + "', " + "'" + x4.x3 () + "' " + ")";
}

</source>
<source file="Group13_source/controller/Controller.java" startline="713" endline="718">
{
    return "DELETE FROM giveshifts WHERE " + "giverlogin = '" + x1 + "' AND " + "givershiftstart = '" + x2.x3 () + "' AND " + "givershiftend = '" + x4.x3 () + "' ";
}

</source>
<source file="Group13_source/controller/Controller.java" startline="725" endline="727">
{
    return "SELECT giverlogin, givershiftstart, givershiftend FROM giveshifts";
}

</source>
<source file="Group13_source/controller/Controller.java" startline="735" endline="737">
{
    return "SELECT ma_approval FROM managerapproval WHERE ma_manager = '" + x1 + "' ";
}

</source>
<source file="Group13_source/controller/Controller.java" startline="752" endline="786">
{
    if (x1 [2] != null) {
        return "INSERT INTO shifttransaction (initlogin, initshiftstart, initshiftend, finallogin, finalshiftstart, finalshiftend, initmanagerlogin, finaltmanagerlogin, initmanagersign, finalmanagersign, transactiontype,) " + "VALUES ( " + "'" + x2 + "', " + "'" + x1 [0].x3 () + "', " + "'" + x1 [1].x3 () + "', " + "'" + x4 + "', " + "'" + x1 [2].x3 () + "', " + "'" + x1 [3].x3 () + "', " + "'" + x5 + "', " + "'" + x6 + "', " + "'" + x7 + "', " + "'" + x8 + "', " + "'" + x9 + "') ";
    }
    else {
        x10.x11.x12 ("noo");
        return "INSERT INTO shifttransaction (initlogin, initshiftstart, initshiftend, finallogin, initmanagerlogin, finalmanagerlogin, initmanagersign, finaltmanagersign, transactiontype) " + "VALUES( " + "'" + x2 + "', " + "'" + x1 [0].x3 () + "', " + "'" + x1 [1].x3 () + "', " + "'" + x4 + "', " + "'" + x5 + "', " + "'" + x6 + "', " + "'" + x7 + "', " + "'" + x8 + "', " + "'" + x9 + "' ) ";
    }

}

</source>
<source file="Group13_source/controller/Controller.java" startline="755" endline="769">
{
    return "INSERT INTO shifttransaction (initlogin, initshiftstart, initshiftend, finallogin, finalshiftstart, finalshiftend, initmanagerlogin, finaltmanagerlogin, initmanagersign, finalmanagersign, transactiontype,) " + "VALUES ( " + "'" + x1 + "', " + "'" + x2 [0].x3 () + "', " + "'" + x2 [1].x3 () + "', " + "'" + x4 + "', " + "'" + x2 [2].x3 () + "', " + "'" + x2 [3].x3 () + "', " + "'" + x5 + "', " + "'" + x6 + "', " + "'" + x7 + "', " + "'" + x8 + "', " + "'" + x9 + "') ";
}

</source>
<source file="Group13_source/controller/Controller.java" startline="771" endline="784">
{
    x1.x2.x3 ("noo");
    return "INSERT INTO shifttransaction (initlogin, initshiftstart, initshiftend, finallogin, initmanagerlogin, finalmanagerlogin, initmanagersign, finaltmanagersign, transactiontype) " + "VALUES( " + "'" + x4 + "', " + "'" + x5 [0].x6 () + "', " + "'" + x5 [1].x6 () + "', " + "'" + x7 + "', " + "'" + x8 + "', " + "'" + x9 + "', " + "'" + x10 + "', " + "'" + x11 + "', " + "'" + x12 + "' ) ";
}

</source>
<source file="Group13_source/controller/Controller.java" startline="796" endline="799">
{
    return "DELETE FROM shifttransaction WHERE " + "transactionid = '" + x1 + "'";
}

</source>
<source file="Group13_source/controller/Controller.java" startline="816" endline="835">
{
    x1 x2 = null;
    try {
        x2 = x3.x4 ();
    }
    catch (x5 x6) {
        x7.x8.x9 ("updateManagerApprovalTransactionsQuery died");
        x6.x10 ();
    }

    x11 x12 = x2.x13 (x14.x15 (x16, x17, x18, x19));
    int x20 = x12.x21 ("Column name here");
    x22 x23 = "UPDATE shifttransaction " + "SET initmanagersign = TRUE " + "WHERE initlogin = '" + x20 + "' AND " + "initmanagerlogin = '" + x24 + "'; " + "UPDATE shifttransaction " + "SET finalmanagersign = TRUE " + "WHERE transactionid = '" + x20 + "' AND " + "finalmanagerlogin = '" + x24 + "' ";
    return x23;
}

</source>
<source file="Group13_source/controller/Controller.java" startline="818" endline="820">
{
    x1 = x2.x3 ();
}

</source>
<source file="Group13_source/controller/Controller.java" startline="820" endline="823">
{
    x1.x2.x3 ("updateManagerApprovalTransactionsQuery died");
    x4.x5 ();
}

</source>
<source file="Group13_source/controller/Controller.java" startline="845" endline="852">
{
    return "INSERT INTO employeeshifts (shiftemployeelogin, shiftstarttime, shiftendtime) " + "VALUES (" + "'" + x1 + "', " + "'" + x2.x3 () + "', " + "'" + x4.x3 () + "' " + ")";
}

</source>
<source file="Group13_source/controller/Controller.java" startline="862" endline="867">
{
    return "DELETE FROM employeeshifts WHERE " + "shiftemployeelogin = '" + x1 + "' AND " + "shiftstarttime = '" + x2.x3 () + "' AND " + "shiftendtime = '" + x4.x3 () + "'";
}

</source>
<source file="Group13_source/controller/Controller.java" startline="870" endline="874">
{
    return "UPDATE managerapproval SET ma_approval = " + "'" + x1 + "' " + "WHERE ma_manager = '" + x2 + "' ";
}

</source>
<source file="Group13_source/controller/Controller.java" startline="877" endline="879">
{
    return "SELECT empaccesslevel FROM employees WHERE emplogin = " + x1;
}

</source>
<source file="Group13_source/controller/Controller.java" startline="891" endline="922">
{
    x1 x2 = new x1 ();
    x3.x4.x5 (x2.x6 ("testUsername"));
    x3.x4.x5 (x2.x7 ("testUsername"));
    x3.x4.x5 (x2.x8 ("testUsername"));
    x3.x4.x5 (x2.x9 (null, "buster", 2, "magnusandy", null, - 1));
    x3.x4.x5 (x2.x10 ("testUsername"));
    x3.x4.x5 (x2.x11 ("magnusandy", "oneTrueGod"));
    x3.x4.x5 (x2.x12 ("magnusandy", "oneTrueGod", "Yoooo dawg lets do this"));
    x3.x4.x5 (x2.x13 ("oneTrueGod"));
    x3.x4.x5 (x2.x14 ("magnusandy"));
    x15 x16 = x15.x17 ("2014-10-22 09:00:00");
    x15 x18 = x15.x17 ("2014-10-27 09:00:00");
    x3.x4.x5 (x2.x19 (x16, x18, "tmike"));
    x3.x4.x5 (x2.x19 (x16, x18, null));
    x3.x4.x5 (x2.x20 ());
    x3.x4.x5 (x2.x21 ("tmike"));
    x3.x4.x5 (x2.x22 ("tmike", x16, x18));
    x3.x4.x5 (x2.x23 ("tmike", x16, x18));
    x15 [] x24 = new x15 [4];
    x24 [0] = x15.x17 ("2014-10-20 08:45:00");
    x24 [1] = x15.x17 ("2014-10-20 18:30:00");
    x3.x4.x5 (x2.x25 ("rickjames", x24 [0], x24 [1]));
    x3.x4.x5 (x2.x26 ("rickjames", x24 [0], x24 [1]));
    x3.x4.x5 (x2.x27 ());
    x3.x4.x5 (x2.x28 ("tmike", "rickjames", x24 [0]));
    x3.x4.x5 (x2.x7 ("twarren"));
}

</source>
<source file="Group13_source/controller/Shift.java" startline="28" endline="32">
{
    x1 = x2;
    x3 = x4;
    x5 = x6;
}

</source>
<source file="Group13_source/controller/Shift.java" startline="39" endline="41">
{
    return x1;
}

</source>
<source file="Group13_source/controller/Shift.java" startline="48" endline="50">
{
    return x1;
}

</source>
<source file="Group13_source/controller/Shift.java" startline="57" endline="59">
{
    return x1;
}

</source>
<source file="Group13_source/controller/Shift.java" startline="63" endline="67">
{
    x1 x2 = x3 + " " + x4.x5 ().x6 (0, 16) + " - " + x7.x5 ().x6 (0, 16);
    return x2;
}

</source>
<source file="Group13_source/frontend/AddEmployeePageController.java" startline="81" endline="83">
{
    x1.x2 = x3;
}

</source>
<source file="Group13_source/frontend/AddEmployeePageController.java" startline="91" endline="101">
{
    x1.x2 (null);
    x3.x2 (null);
    x4.x2 (null);
    x5.x2 (null);
    x6.x2 (null);
    x7.x2 (null);
    x8.x2 (null);
    x9.x10 (x11.x12 ("Worker", "Manager", "Owner"));
    x9.x13 ().x14 (0);
}

</source>
<source file="Group13_source/frontend/AddEmployeePageController.java" startline="112" endline="116">
{
    x1.x2 ();
}

</source>
<source file="Group13_source/frontend/AddEmployeePageController.java" startline="126" endline="151">
{
    if (x1.x2 ()) {
        int x3 = 1;
        switch (x4.x5 ().x6 ()) {
            case "Manager" :
                x3 = 2;
                break;
            case "Owner" :
                x3 = 3;
                break;
        }
        float x7 = x8.x9 (x10.x11 ());
        byte [] x12 = x13.x14 (x15.x11 ());
        x16 x17 = new x16 (x18.x11 (), x19.x11 (), x20.x11 (), x3, x12, x21.x11 (), x7);
        x13.x22 (x17);
        x1.x23 ();
    }
    else {
    }

}

</source>
<source file="Group13_source/frontend/AddEmployeePageController.java" startline="128" endline="146">
{
    int x1 = 1;
    switch (x2.x3 ().x4 ()) {
        case "Manager" :
            x1 = 2;
            break;
        case "Owner" :
            x1 = 3;
            break;
    }
    float x5 = x6.x7 (x8.x9 ());
    byte [] x10 = x11.x12 (x13.x9 ());
    x14 x15 = new x14 (x16.x9 (), x17.x9 (), x18.x9 (), x1, x10, x19.x9 (), x5);
    x11.x20 (x15);
    x21.x22 ();
}

</source>
<source file="Group13_source/frontend/AddEmployeePageController.java" startline="148" endline="150">
{
}

</source>
<source file="Group13_source/frontend/AddEmployeePageController.java" startline="160" endline="168">
{
    x1.x2 (null);
    x3.x2 (null);
    x4.x2 (null);
    x5.x2 (null);
    x6.x2 (null);
    x7.x2 (null);
    x8.x9 ();
}

</source>
<source file="Group13_source/frontend/AddEmployeePageController.java" startline="176" endline="254">
{
    boolean x1 = true;
    x2.x3 (null);
    x4.x3 (null);
    x5.x3 (null);
    x6.x3 (null);
    x7.x3 (null);
    x8.x3 (null);
    x9.x3 (null);
    if (x10.x11 ().x12 ()) {
        x1 = false;
        x2.x3 ("*");
    }

    if (x13.x11 ().x12 ()) {
        x1 = false;
        x4.x3 ("*");
    }

    if (x14.x11 ().x12 ()) {
        x1 = false;
        x5.x3 ("*");
    }
    else {
        if (x15.x16 (x14.x11 ()) == false) {
            x1 = false;
            x5.x3 ("* already used");
        }

    }

    if (x17.x11 ().x12 ()) {
        x1 = false;
        x6.x3 ("*");
    }

    if (x18.x11 ().x12 ()) {
        x1 = false;
        x7.x3 ("*");
    }

    if (x19.x11 ().x12 ()) {
        x1 = false;
        x8.x3 ("*");
    }
    else {
        float x20 = 0;
        boolean x21 = true;
        try {
            x20 = x22.x23 (x19.x11 ());
        }
        catch (x24 x25) {
            x1 = false;
            x21 = false;
            x8.x3 ("* not a number");
        }

        if (x21) {
            if (x20 < 0) {
                x1 = false;
                x8.x3 ("* must be positive");
            }

        }

    }

    if (! x1) {
        x9.x3 ("Please fill in all fields marked with *");
    }

    return x1;
}

</source>
<source file="Group13_source/frontend/AddEmployeePageController.java" startline="186" endline="189">
{
    x1 = false;
    x2.x3 ("*");
}

</source>
<source file="Group13_source/frontend/AddEmployeePageController.java" startline="191" endline="194">
{
    x1 = false;
    x2.x3 ("*");
}

</source>
<source file="Group13_source/frontend/AddEmployeePageController.java" startline="196" endline="199">
{
    x1 = false;
    x2.x3 ("*");
}

</source>
<source file="Group13_source/frontend/AddEmployeePageController.java" startline="201" endline="207">
{
    if (x1.x2 (x3.x4 ()) == false) {
        x5 = false;
        x6.x7 ("* already used");
    }

}

</source>
<source file="Group13_source/frontend/AddEmployeePageController.java" startline="203" endline="206">
{
    x1 = false;
    x2.x3 ("* already used");
}

</source>
<source file="Group13_source/frontend/AddEmployeePageController.java" startline="209" endline="212">
{
    x1 = false;
    x2.x3 ("*");
}

</source>
<source file="Group13_source/frontend/AddEmployeePageController.java" startline="214" endline="217">
{
    x1 = false;
    x2.x3 ("*");
}

</source>
<source file="Group13_source/frontend/AddEmployeePageController.java" startline="219" endline="222">
{
    x1 = false;
    x2.x3 ("*");
}

</source>
<source file="Group13_source/frontend/AddEmployeePageController.java" startline="224" endline="245">
{
    float x1 = 0;
    boolean x2 = true;
    try {
        x1 = x3.x4 (x5.x6 ());
    }
    catch (x7 x8) {
        x9 = false;
        x2 = false;
        x10.x11 ("* not a number");
    }

    if (x2) {
        if (x1 < 0) {
            x9 = false;
            x10.x11 ("* must be positive");
        }

    }

}

</source>
<source file="Group13_source/frontend/AddEmployeePageController.java" startline="228" endline="230">
{
    x1 = x2.x3 (x4.x5 ());
}

</source>
<source file="Group13_source/frontend/AddEmployeePageController.java" startline="232" endline="236">
{
    x1 = false;
    x2 = false;
    x3.x4 ("* not a number");
}

</source>
<source file="Group13_source/frontend/AddEmployeePageController.java" startline="238" endline="244">
{
    if (x1 < 0) {
        x2 = false;
        x3.x4 ("* must be positive");
    }

}

</source>
<source file="Group13_source/frontend/AddEmployeePageController.java" startline="240" endline="243">
{
    x1 = false;
    x2.x3 ("* must be positive");
}

</source>
<source file="Group13_source/frontend/AddEmployeePageController.java" startline="247" endline="249">
{
    x1.x2 ("Please fill in all fields marked with *");
}

</source>
<source file="Group13_source/frontend/FXMLCalendarController.java" startline="29" endline="31">
{
    x1.x2 = x3;
}

</source>
<source file="Group13_source/frontend/FXMLCalendarController.java" startline="35" endline="81">
{
    x1 < x1 < x2 > > x3 = x4.x5 ();
    if (x3 == null) {
        return;
    }

    x6 x7 = x4.x8 ();
    x7 = x7.x9 (1);
    x10 x11 = x7.x12 ();
    int x13 = 0;
    int x14 = x11.x15 ();
    int x16 = 0;
    x17 x18;
    x18 = x19 (x3, x13, new x17 ());
    x20.x21 (x18, x14, x16);
    x13 = x13 + 1;
    if (x14 == 7) {
        x14 = 0;
    }
    else {
        x14 = x14 + 1;
    }

    while (x13 < x3.x22 ()) {
        if (x14 < 7) {
            x17 x23 = new x17 ();
            x23.x24 (false);
            x18 = x19 (x3, x13, x23);
            x20.x21 (x18, x14, x16);
            x13 = x13 + 1;
            x14 = x14 + 1;
        }
        else {
            x14 = 0;
            x16 = x16 + 1;
        }

    }

}

</source>
<source file="Group13_source/frontend/FXMLCalendarController.java" startline="39" endline="41">
{
    return;
}

</source>
<source file="Group13_source/frontend/FXMLCalendarController.java" startline="55" endline="57">
{
    x1 = 0;
}

</source>
<source file="Group13_source/frontend/FXMLCalendarController.java" startline="59" endline="61">
{
    x1 = x1 + 1;
}

</source>
<source file="Group13_source/frontend/FXMLCalendarController.java" startline="64" endline="79">
{
    if (x1 < 7) {
        x2 x3 = new x2 ();
        x3.x4 (false);
        x5 = x6 (x7, x8, x3);
        x9.x10 (x5, x1, x11);
        x8 = x8 + 1;
        x1 = x1 + 1;
    }
    else {
        x1 = 0;
        x11 = x11 + 1;
    }

}

</source>
<source file="Group13_source/frontend/FXMLCalendarController.java" startline="66" endline="73">
{
    x1 x2 = new x1 ();
    x2.x3 (false);
    x4 = x5 (x6, x7, x2);
    x8.x9 (x4, x10, x11);
    x7 = x7 + 1;
    x10 = x10 + 1;
}

</source>
<source file="Group13_source/frontend/FXMLCalendarController.java" startline="75" endline="78">
{
    x1 = 0;
    x2 = x2 + 1;
}

</source>
<source file="Group13_source/frontend/FXMLCalendarController.java" startline="86" endline="101">
{
    x1.x2 ();
    x1.x3 ((x4 + 1) + "\n");
    while (x5.x6 (x4).x7 () > 0) {
        x8 x9 = x5.x6 (x4).x10 ();
        x11 x12 = x9.x13 ();
        x12 = x12.x14 (11, 16);
        x1.x3 (x12 + "-");
        x9 = x5.x6 (x4).x10 ();
        x12 = x9.x13 ();
        x12 = x12.x14 (11, 16);
        x1.x3 (x12 + "\n");
    }

    return x1;
}

</source>
<source file="Group13_source/frontend/FXMLCalendarController.java" startline="90" endline="99">
{
    x1 x2 = x3.x4 (x5).x6 ();
    x7 x8 = x2.x9 ();
    x8 = x8.x10 (11, 16);
    x11.x12 (x8 + "-");
    x2 = x3.x4 (x5).x6 ();
    x8 = x2.x9 ();
    x8 = x8.x10 (11, 16);
    x11.x12 (x8 + "\n");
}

</source>
<source file="Group13_source/frontend/FXMLCalendarController.java" startline="105" endline="108">
{
    x1.x2 ();
    x3.x4.x5 ("You clicked me!");
}

</source>
<source file="Group13_source/frontend/FXMLCalendarController.java" startline="111" endline="113">
{
}

</source>
<source file="Group13_source/frontend/FXMLProntPageController.java" startline="77" endline="81">
{
    x1.x2 = x3;
}

</source>
<source file="Group13_source/frontend/FXMLProntPageController.java" startline="84" endline="86">
{
    x1.x2 ();
}

</source>
<source file="Group13_source/frontend/FXMLProntPageController.java" startline="89" endline="102">
{
    x1.x2 ();
    while (x3.x4 (x5).x6 () > 0) {
        x7 x8 = x3.x4 (x5).x9 ();
        x10 x11 = x8.x12 ();
        x11 = x11.x13 (11, 16);
        x1.x14 (x11 + "-");
        x8 = x3.x4 (x5).x9 ();
        x11 = x8.x12 ();
        x11 = x11.x13 (11, 16);
        x1.x14 (x11 + "\n");
    }

}

</source>
<source file="Group13_source/frontend/FXMLProntPageController.java" startline="92" endline="101">
{
    x1 x2 = x3.x4 (x5).x6 ();
    x7 x8 = x2.x9 ();
    x8 = x8.x10 (11, 16);
    x11.x12 (x8 + "-");
    x2 = x3.x4 (x5).x6 ();
    x8 = x2.x9 ();
    x8 = x8.x10 (11, 16);
    x11.x12 (x8 + "\n");
}

</source>
<source file="Group13_source/frontend/FXMLProntPageController.java" startline="105" endline="108">
{
    x1 x2 = x3.x4 (x5.x6, x7.x8);
    x9.x10 (x2);
}

</source>
<source file="Group13_source/frontend/FXMLProntPageController.java" startline="112" endline="114">
{
    x1.x2 ();
}

</source>
<source file="Group13_source/frontend/FXMLProntPageController.java" startline="118" endline="120">
{
    x1.x2 ();
}

</source>
<source file="Group13_source/frontend/FXMLProntPageController.java" startline="123" endline="125">
{
    x1.x2 ();
}

</source>
<source file="Group13_source/frontend/FXMLProntPageController.java" startline="129" endline="158">
{
    x1 < x1 < x2 > > x3 = x4.x5 ();
    x6 x7 = x4.x8 ();
    x9 x10 = x7.x11 ();
    x12 (x10, x13);
    x10 = x10.x14 (1);
    x12 (x10, x15);
    x10 = x10.x14 (1);
    x12 (x10, x16);
    x10 = x10.x14 (1);
    x12 (x10, x17);
    x10 = x10.x14 (1);
    x12 (x10, x18);
    x10 = x10.x14 (1);
    x12 (x10, x19);
    x10 = x10.x14 (1);
    x12 (x10, x20);
    if (x3 != null) {
        x21 (x3, 0, x22);
        x21 (x3, 1, x23);
        x21 (x3, 2, x24);
        x21 (x3, 3, x25);
        x21 (x3, 4, x26);
        x21 (x3, 5, x27);
        x21 (x3, 6, x28);
    }

}

</source>
<source file="Group13_source/frontend/FXMLProntPageController.java" startline="149" endline="157">
{
    x1 (x2, 0, x3);
    x1 (x2, 1, x4);
    x1 (x2, 2, x5);
    x1 (x2, 3, x6);
    x1 (x2, 4, x7);
    x1 (x2, 5, x8);
    x1 (x2, 6, x9);
}

</source>
<source file="Group13_source/frontend/FXMLProntPageController.java" startline="161" endline="163">
{
    x1.x2 ();
}

</source>
<source file="Group13_source/frontend/FXMLProntPageController.java" startline="167" endline="169">
{
}

</source>
<source file="Group13_source/frontend/LoginPageController.java" startline="35" endline="37">
{
    x1.x2 = x3;
}

</source>
<source file="Group13_source/frontend/LoginPageController.java" startline="40" endline="42">
{
    x1.x2 ("Welcome to Shift Swap");
}

</source>
<source file="Group13_source/frontend/LoginPageController.java" startline="46" endline="52">
{
    if (x1.x2 (x3.x4 (), x5.x4 ()) == false) {
        x6.x7 (x8.x9);
        x6.x10 ("Login failed");
    }

}

</source>
<source file="Group13_source/frontend/LoginPageController.java" startline="48" endline="51">
{
    x1.x2 (x3.x4);
    x1.x5 ("Login failed");
}

</source>
<source file="Group13_source/frontend/SwapShiftController.java" startline="40" endline="44">
{
    x1.x2 = x3;
}

</source>
<source file="Group13_source/frontend/SwapShiftController.java" startline="51" endline="52">
{
}

</source>
<source file="Group13_source/frontend/SwapShiftController.java" startline="56" endline="62">
{
}

</source>
<source file="Group13_source/frontend/SwapShiftController.java" startline="66" endline="73">
{
}

</source>
<source file="Group13_source/frontend/Input.java" startline="34" endline="36">
{
    return x1;
}

</source>
<source file="Group13_source/frontend/Input.java" startline="44" endline="65">
{
    byte [] x1 = x2.x3 (x4);
    x5 x6 = x5.x7 (x8, x1);
    x9 x10 = null;
    try {
        x10 = x11.x12 (x6);
    }
    catch (x13 x14) {
        x15.x16.x17 ("LOGIN ERROR! ABORTING...");
        return false;
    }

    try {
        x18.x19 (1000);
    }
    catch (x20 x21) {
        x18.x22 ().x23 ();
    }

    return x10.x24 ();
}

</source>
<source file="Group13_source/frontend/Input.java" startline="48" endline="50">
{
    x1 = x2.x3 (x4);
}

</source>
<source file="Group13_source/frontend/Input.java" startline="52" endline="55">
{
    x1.x2.x3 ("LOGIN ERROR! ABORTING...");
    return false;
}

</source>
<source file="Group13_source/frontend/Input.java" startline="57" endline="59">
{
    x1.x2 (1000);
}

</source>
<source file="Group13_source/frontend/Input.java" startline="60" endline="62">
{
    x1.x2 ().x3 ();
}

</source>
<source file="Group13_source/frontend/Input.java" startline="68" endline="77">
{
    x1 x2 = x1.x3 (x4);
    x5 x6 = new x5 ();
    try {
        x6 = x7.x8 (x2);
    }
    catch (x9 x10) {
    }

    return x6.x11 ();
}

</source>
<source file="Group13_source/frontend/Input.java" startline="71" endline="73">
{
    x1 = x2.x3 (x4);
}

</source>
<source file="Group13_source/frontend/Input.java" startline="75" endline="75">
{
}

</source>
<source file="Group13_source/frontend/Input.java" startline="86" endline="98">
{
    x1 x2 = x1.x3 (x4);
    x5 x6 = null;
    try {
        x6 = x7.x8 (x2);
    }
    catch (x9 x10) {
        x11.x12.x13 ("Exception in inUsernameUnique with message: " + x10.x14 ());
        return false;
    }

    return ! x6.x15 ();
}

</source>
<source file="Group13_source/frontend/Input.java" startline="89" endline="91">
{
    x1 = x2.x3 (x4);
}

</source>
<source file="Group13_source/frontend/Input.java" startline="93" endline="96">
{
    x1.x2.x3 ("Exception in inUsernameUnique with message: " + x4.x5 ());
    return false;
}

</source>
<source file="Group13_source/frontend/Input.java" startline="105" endline="116">
{
    x1 x2 = x1.x3 ("PLACEHOLDER", x4);
    x5 x6 = new x5 ();
    try {
        x6 = x7.x8 (x2);
    }
    catch (x9 x10) {
        x11.x12.x13 ("Exception in addNewEmployee with message: " + x10.x14 ());
    }

}

</source>
<source file="Group13_source/frontend/Input.java" startline="109" endline="111">
{
    x1 = x2.x3 (x4);
}

</source>
<source file="Group13_source/frontend/Input.java" startline="113" endline="115">
{
    x1.x2.x3 ("Exception in addNewEmployee with message: " + x4.x5 ());
}

</source>
<source file="Group13_source/frontend/Input.java" startline="124" endline="134">
{
    x1 x2 = x1.x3 (x4, x5);
    try {
        x6.x7 (x2);
    }
    catch (x8 x9) {
        x10.x11.x12 ("Exception in changeEmployeeAccessLevel with message: " + x9.x13 ());
    }

}

</source>
<source file="Group13_source/frontend/Input.java" startline="127" endline="129">
{
    x1.x2 (x3);
}

</source>
<source file="Group13_source/frontend/Input.java" startline="131" endline="133">
{
    x1.x2.x3 ("Exception in changeEmployeeAccessLevel with message: " + x4.x5 ());
}

</source>
<source file="Group13_source/frontend/Input.java" startline="141" endline="151">
{
    x1 x2 = x1.x3 ("PLACEHOLDER", x4);
    try {
        x5.x6 (x2);
    }
    catch (x7 x8) {
        x9.x10.x11 ("Exception in removeEmployee with message: " + x8.x12 ());
    }

}

</source>
<source file="Group13_source/frontend/Input.java" startline="144" endline="146">
{
    x1.x2 (x3);
}

</source>
<source file="Group13_source/frontend/Input.java" startline="148" endline="150">
{
    x1.x2.x3 ("Exception in removeEmployee with message: " + x4.x5 ());
}

</source>
<source file="Group13_source/frontend/Input.java" startline="163" endline="177">
{
    if (x1 == null) {
        throw new x2 ();
    }

    x3 x4 = x3.x5 (x1, x6, x7, x8, x9, x10);
    try {
        x11.x12 (x4);
    }
    catch (x13 x14) {
        x15.x16.x17 ("Exception in modifyEmployeeInfo with message: " + x14.x18 ());
    }

}

</source>
<source file="Group13_source/frontend/Input.java" startline="165" endline="167">
{
    throw new x1 ();
}

</source>
<source file="Group13_source/frontend/Input.java" startline="170" endline="172">
{
    x1.x2 (x3);
}

</source>
<source file="Group13_source/frontend/Input.java" startline="174" endline="176">
{
    x1.x2.x3 ("Exception in modifyEmployeeInfo with message: " + x4.x5 ());
}

</source>
<source file="Group13_source/frontend/Input.java" startline="186" endline="197">
{
    byte [] x1 = x2.x3 (x4);
    x5 x6 = x5.x7 (x8, x1);
    try {
        x9.x10 (x6);
    }
    catch (x11 x12) {
        x13.x14.x15 ("Exception in changeEmployeePassword with message: " + x12.x16 ());
    }

}

</source>
<source file="Group13_source/frontend/Input.java" startline="190" endline="192">
{
    x1.x2 (x3);
}

</source>
<source file="Group13_source/frontend/Input.java" startline="194" endline="196">
{
    x1.x2.x3 ("Exception in changeEmployeePassword with message: " + x4.x5 ());
}

</source>
<source file="Group13_source/frontend/Input.java" startline="205" endline="215">
{
    x1 x2 = x1.x2 (x3, x4);
    try {
        x5.x6 (x2);
    }
    catch (x7 x8) {
        x9.x10.x11 ("Exception in changeEmployeesManager with message: " + x8.x12 ());
    }

}

</source>
<source file="Group13_source/frontend/Input.java" startline="208" endline="210">
{
    x1.x2 (x3);
}

</source>
<source file="Group13_source/frontend/Input.java" startline="212" endline="214">
{
    x1.x2.x3 ("Exception in changeEmployeesManager with message: " + x4.x5 ());
}

</source>
<source file="Group13_source/frontend/Input.java" startline="219" endline="235">
{
    byte [] x1 = null;
    try {
        x2 x3 = x2.x4 ("SHA-256");
        x3.x5 (x6.x7 ());
        x1 = x3.x8 ();
        if (x1 == null) {
            throw new x9 ("ReturnHash null in DummyController");
        }

    }
    catch (x10 x11) {
        x12.x13.x14 ("Exception: " + x11);
    }

    return x1;
}

</source>
<source file="Group13_source/frontend/Input.java" startline="222" endline="230">
{
    x1 x2 = x1.x3 ("SHA-256");
    x2.x4 (x5.x6 ());
    x7 = x2.x8 ();
    if (x7 == null) {
        throw new x9 ("ReturnHash null in DummyController");
    }

}

</source>
<source file="Group13_source/frontend/Input.java" startline="227" endline="229">
{
    throw new x1 ("ReturnHash null in DummyController");
}

</source>
<source file="Group13_source/frontend/Input.java" startline="230" endline="232">
{
    x1.x2.x3 ("Exception: " + x4);
}

</source>
<source file="Group13_source/frontend/Input.java" startline="242" endline="254">
{
    x1 x2 = x1.x3 (x4, x5);
    try {
        x6.x7 (x2);
    }
    catch (x8 x9) {
        x10.x11.x12 ("createGiveRequest bombed hard");
        x9.x13 ();
    }

}

</source>
<source file="Group13_source/frontend/Input.java" startline="244" endline="246">
{
    x1.x2 (x3);
}

</source>
<source file="Group13_source/frontend/Input.java" startline="246" endline="249">
{
    x1.x2.x3 ("createGiveRequest bombed hard");
    x4.x5 ();
}

</source>
<source file="Group13_source/frontend/Input.java" startline="262" endline="273">
{
    x1 x2 = null;
    x3 [] x4 = {x5 [0], x5 [1], null, null};
    x2 = x1.x6 (x7, x8, x4);
    try {
        x9.x10 (x2);
    }
    catch (x11 x12) {
        x13.x14.x15 ("createTakeRequest just got smoked");
        x12.x16 ();
    }

}

</source>
<source file="Group13_source/frontend/Input.java" startline="266" endline="268">
{
    x1.x2 (x3);
}

</source>
<source file="Group13_source/frontend/Input.java" startline="268" endline="271">
{
    x1.x2.x3 ("createTakeRequest just got smoked");
    x4.x5 ();
}

</source>
<source file="Group13_source/frontend/Input.java" startline="279" endline="282">
{
    x1 [] x2 = {x3 [0], x3 [1], x4 [0], x4 [1]};
    return x2;
}

</source>
<source file="Group13_source/frontend/Input.java" startline="292" endline="304">
{
    x1 x2 = null;
    x2 = x1.x3 (x4, x5, x6 (x7, x8));
    try {
        x9.x10 (x2);
    }
    catch (x11 x12) {
        x13.x14.x15 ("createTradeRequest just got smoked");
        x12.x16 ();
    }

}

</source>
<source file="Group13_source/frontend/Input.java" startline="295" endline="297">
{
    x1.x2 (x3);
}

</source>
<source file="Group13_source/frontend/Input.java" startline="297" endline="300">
{
    x1.x2.x3 ("createTradeRequest just got smoked");
    x4.x5 ();
}

</source>
<source file="Group13_source/frontend/Input.java" startline="313" endline="325">
{
    x1 x2 = x1.x3 (x4);
    x5 x6 = null;
    try {
        x6 = x7.x8 (x2);
    }
    catch (x9 x10) {
        x11.x12.x13 ("Messages couldn't be found, error is: " + x10.x14 ());
    }

    return x6.x15 ();
}

</source>
<source file="Group13_source/frontend/Input.java" startline="317" endline="319">
{
    x1 = x2.x3 (x4);
}

</source>
<source file="Group13_source/frontend/Input.java" startline="321" endline="323">
{
    x1.x2.x3 ("Messages couldn't be found, error is: " + x4.x5 ());
}

</source>
<source file="Group13_source/frontend/Input.java" startline="329" endline="339">
{
    x1 x2 = x1.x3 (x4, x5, x6);
    try {
        x7.x8 (x2);
    }
    catch (x9 x10) {
        x11.x12.x13 ("Message couldn't be sent, error is: " + x10.x14 ());
    }

}

</source>
<source file="Group13_source/frontend/Input.java" startline="332" endline="334">
{
    x1.x2 (x3);
}

</source>
<source file="Group13_source/frontend/Input.java" startline="336" endline="338">
{
    x1.x2.x3 ("Message couldn't be sent, error is: " + x4.x5 ());
}

</source>
<source file="Group13_source/frontend/Input.java" startline="347" endline="373">
{
    x1 x2 = x1.x3 ();
    x4 x5 = null;
    try {
        x5 = x6.x7 (x2);
    }
    catch (x8 x9) {
        x10.x11.x12 ("Exception in removeEmployee with message: " + x9.x13 ());
    }

    if (x5 != null) {
        x14 [] x15 = new x14 [x5.x16 ().x17];
        x18 [] x19 = x5.x16 ();
        x20 [] x21 = x5.x22 ();
        for (int x23 = 0;
        x23 < x5.x16 ().x17; x23 ++) {
            x15 [x23] = new x14 (x19 [x23], x21 [x23 * 2], x21 [(x23 * 2) + 1]);
        }

        return x15;
    }
    else {
        return null;
    }

}

</source>
<source file="Group13_source/frontend/Input.java" startline="351" endline="353">
{
    x1 = x2.x3 (x4);
}

</source>
<source file="Group13_source/frontend/Input.java" startline="355" endline="357">
{
    x1.x2.x3 ("Exception in removeEmployee with message: " + x4.x5 ());
}

</source>
<source file="Group13_source/frontend/Input.java" startline="359" endline="368">
{
    x1 [] x2 = new x1 [x3.x4 ().x5];
    x6 [] x7 = x3.x4 ();
    x8 [] x9 = x3.x10 ();
    for (int x11 = 0;
    x11 < x3.x4 ().x5; x11 ++) {
        x2 [x11] = new x1 (x7 [x11], x9 [x11 * 2], x9 [(x11 * 2) + 1]);
    }

    return x2;
}

</source>
<source file="Group13_source/frontend/Input.java" startline="364" endline="366">
{
    x1 [x2] = new x3 (x4 [x2], x5 [x2 * 2], x5 [(x2 * 2) + 1]);
}

</source>
<source file="Group13_source/frontend/Input.java" startline="370" endline="372">
{
    return null;
}

</source>
<source file="Group13_source/frontend/Input.java" startline="380" endline="382">
{
}

</source>
<source file="Group13_source/frontend/Input.java" startline="390" endline="392">
{
}

</source>
<source file="Group13_source/frontend/Input.java" startline="403" endline="405">
{
}

</source>
<source file="Group13_source/frontend/Input.java" startline="410" endline="421">
{
    x1 x2 = x1.x3 (x4);
    try {
        x5.x6 (x2);
    }
    catch (x7 x8) {
        x9.x10.x11 ("Message couldn't be sent, error is: " + x8.x12 ());
    }

}

</source>
<source file="Group13_source/frontend/Input.java" startline="414" endline="416">
{
    x1.x2 (x3);
}

</source>
<source file="Group13_source/frontend/Input.java" startline="418" endline="420">
{
    x1.x2.x3 ("Message couldn't be sent, error is: " + x4.x5 ());
}

</source>
<source file="Group13_source/frontend/Input.java" startline="426" endline="437">
{
    x1 x2 = x1.x3 (x4, x5);
    try {
        x6.x7 (x2);
    }
    catch (x8 x9) {
        x10.x11.x12 ("Message couldn't be sent, error is: " + x9.x13 ());
    }

}

</source>
<source file="Group13_source/frontend/Input.java" startline="430" endline="432">
{
    x1.x2 (x3);
}

</source>
<source file="Group13_source/frontend/Input.java" startline="434" endline="436">
{
    x1.x2.x3 ("Message couldn't be sent, error is: " + x4.x5 ());
}

</source>
<source file="Group13_source/frontend/ManagerSettingsController.java" startline="90" endline="92">
{
    x1.x2 = x3;
}

</source>
<source file="Group13_source/frontend/ManagerSettingsController.java" startline="101" endline="103">
{
}

</source>
<source file="Group13_source/frontend/ManagerSettingsController.java" startline="107" endline="111">
{
    x1.x2 (x3.x4 (), x5.x4 (), x6.x4 (), x7.x4 (), x8.x4 (), x9.x10 (x11.x4 ()));
}

</source>
<source file="Group13_source/frontend/ManagerSettingsController.java" startline="119" endline="125">
{
    x1.x2 (x3.x4 (), x5.x4 (), x6.x4 (), x7.x4 (), x8.x9 (x10.x4 ()));
}

</source>
<source file="Group13_source/frontend/ManagerSettingsController.java" startline="129" endline="142">
{
    int x1 = 1;
    try {
        x1 = x2 ();
    }
    catch (x3 x4) {
        x5.x6.x7 (x4.x8 () + " - Stack trace follows:");
        x4.x9 ();
    }

    x10.x11 (x12.x13 (), x1);
}

</source>
<source file="Group13_source/frontend/ManagerSettingsController.java" startline="133" endline="135">
{
    x1 = x2 ();
}

</source>
<source file="Group13_source/frontend/ManagerSettingsController.java" startline="136" endline="139">
{
    x1.x2.x3 (x4.x5 () + " - Stack trace follows:");
    x4.x6 ();
}

</source>
<source file="Group13_source/frontend/ManagerSettingsController.java" startline="146" endline="149">
{
    x1.x2 (x3.x4 (), x5.x4 ());
}

</source>
<source file="Group13_source/frontend/ManagerSettingsController.java" startline="153" endline="166">
{
    x1 x2 = x3.x4 ();
    if (x2 == x5.x4 ()) {
        x6.x7 ("");
        x8.x9 (x10.x4 (), x2);
    }
    else {
        x6.x11 (x12.x13);
        x6.x7 ("Passwords do not match");
    }

}

</source>
<source file="Group13_source/frontend/ManagerSettingsController.java" startline="156" endline="161">
{
    x1.x2 ("");
    x3.x4 (x5.x6 (), x7);
}

</source>
<source file="Group13_source/frontend/ManagerSettingsController.java" startline="162" endline="165">
{
    x1.x2 (x3.x4);
    x1.x5 ("Passwords do not match");
}

</source>
<source file="Group13_source/frontend/ManagerSettingsController.java" startline="170" endline="172">
{
    x1.x2 (x3.x4 ());
}

</source>
<source file="Group13_source/frontend/ManagerSettingsController.java" startline="176" endline="178">
{
    x1.x2 ();
}

</source>
<source file="Group13_source/frontend/ManagerSettingsController.java" startline="181" endline="195">
{
    if (x1.x2 ()) {
        return 1;
    }
    else if (x3.x2 ()) {
        return 2;
    }
    else if (x4.x2 ()) {
        return 3;
    }
    else {
        throw new x5 ("No access level selected");
    }

}

</source>
<source file="Group13_source/frontend/ManagerSettingsController.java" startline="182" endline="184">
{
    return 1;
}

</source>
<source file="Group13_source/frontend/ManagerSettingsController.java" startline="185" endline="187">
{
    return 2;
}

</source>
<source file="Group13_source/frontend/ManagerSettingsController.java" startline="188" endline="190">
{
    return 3;
}

</source>
<source file="Group13_source/frontend/ManagerSettingsController.java" startline="191" endline="194">
{
    throw new x1 ("No access level selected");
}

</source>
<source file="Group13_source/frontend/NewMessagePageController.java" startline="34" endline="36">
{
    x1.x2 = x3;
}

</source>
<source file="Group13_source/frontend/NewMessagePageController.java" startline="40" endline="61">
{
    x1 x2 = x3.x4 ();
    if (x2.x5 () > 255) {
        x6.x7 (true);
        x8.x7 (false);
    }
    else if (! x9.x10 (x2, x11.x4 ())) {
        x12.x7 (true);
        x8.x7 (false);
    }
    else {
        x8.x7 (true);
        x12.x7 (false);
        x6.x7 (false);
        x3.x13 ("");
        x11.x13 ("");
    }

}

</source>
<source file="Group13_source/frontend/NewMessagePageController.java" startline="43" endline="46">
{
    x1.x2 (true);
    x3.x2 (false);
}

</source>
<source file="Group13_source/frontend/NewMessagePageController.java" startline="48" endline="51">
{
    x1.x2 (true);
    x3.x2 (false);
}

</source>
<source file="Group13_source/frontend/NewMessagePageController.java" startline="53" endline="59">
{
    x1.x2 (true);
    x3.x2 (false);
    x4.x2 (false);
    x5.x6 ("");
    x7.x6 ("");
}

</source>
<source file="Group13_source/frontend/NewMessagePageController.java" startline="65" endline="67">
{
    x1.x2 ();
}

</source>
<source file="Group13_source/frontend/NewMessagePageController.java" startline="71" endline="73">
{
}

</source>
<source file="Group13_source/frontend/DummyController.java" startline="18" endline="35">
{
    byte [] x1 = null;
    try {
        x2 x3 = x2.x4 ("SHA-256");
        x3.x5 (x6.x7 ());
        x1 = x3.x8 ();
        if (x1 == null) {
            throw new x9 ("ReturnHash null in DummyController");
        }

    }
    catch (x10 x11) {
        x12.x13.x14 ("Exception: " + x11);
    }

    return x1;
}

</source>
<source file="Group13_source/frontend/DummyController.java" startline="21" endline="30">
{
    x1 x2 = x1.x3 ("SHA-256");
    x2.x4 (x5.x6 ());
    x7 = x2.x8 ();
    if (x7 == null) {
        throw new x9 ("ReturnHash null in DummyController");
    }

}

</source>
<source file="Group13_source/frontend/DummyController.java" startline="26" endline="29">
{
    throw new x1 ("ReturnHash null in DummyController");
}

</source>
<source file="Group13_source/frontend/DummyController.java" startline="30" endline="32">
{
    x1.x2.x3 ("Exception: " + x4);
}

</source>
<source file="Group13_source/frontend/View.java" startline="31" endline="33">
{
    x1.x2 = x1;
}

</source>
<source file="Group13_source/frontend/View.java" startline="37" endline="47">
{
    try {
        x1 = x2;
        x3 ();
        x4 ();
        x2.x5 ();
    }
    catch (x6 x7) {
        x8.x9.x10 (x7.x11 ());
    }

}

</source>
<source file="Group13_source/frontend/View.java" startline="38" endline="43">
{
    x1 = x2;
    x3 ();
    x4 ();
    x2.x5 ();
}

</source>
<source file="Group13_source/frontend/View.java" startline="44" endline="46">
{
    x1.x2.x3 (x4.x5 ());
}

</source>
<source file="Group13_source/frontend/View.java" startline="55" endline="58">
{
    x1 = x2.x3 (2014, 10, 25);
    x4.x5.x6 ("Current internal date is: " + x1.x7 ());
}

</source>
<source file="Group13_source/frontend/View.java" startline="62" endline="69">
{
    try {
        x1 x2 = (x1) x3 ("MessagesPage.fxml");
        x2.x4 (x5);
    }
    catch (x6 x7) {
        x8.x9.x10 (x7.x11 ());
    }

}

</source>
<source file="Group13_source/frontend/View.java" startline="63" endline="66">
{
    x1 x2 = (x1) x3 ("MessagesPage.fxml");
    x2.x4 (x5);
}

</source>
<source file="Group13_source/frontend/View.java" startline="66" endline="68">
{
    x1.x2.x3 (x4.x5 ());
}

</source>
<source file="Group13_source/frontend/View.java" startline="71" endline="78">
{
    try {
        x1 x2 = (x1) x3 ("LoginPage.fxml");
        x2.x4 (x5);
    }
    catch (x6 x7) {
        x8.x9.x10 (x7.x11 ());
    }

}

</source>
<source file="Group13_source/frontend/View.java" startline="72" endline="75">
{
    x1 x2 = (x1) x3 ("LoginPage.fxml");
    x2.x4 (x5);
}

</source>
<source file="Group13_source/frontend/View.java" startline="75" endline="77">
{
    x1.x2.x3 (x4.x5 ());
}

</source>
<source file="Group13_source/frontend/View.java" startline="80" endline="88">
{
    try {
        x1 x2 = (x1) x3 ("ManagerSettings.fxml");
        x2.x4 (x5);
    }
    catch (x6 x7) {
        x8.x9.x10 (x7.x11 ());
    }

}

</source>
<source file="Group13_source/frontend/View.java" startline="81" endline="85">
{
    x1 x2 = (x1) x3 ("ManagerSettings.fxml");
    x2.x4 (x5);
}

</source>
<source file="Group13_source/frontend/View.java" startline="85" endline="87">
{
    x1.x2.x3 (x4.x5 ());
}

</source>
<source file="Group13_source/frontend/View.java" startline="90" endline="98">
{
    try {
        x1 x2 = (x1) x3 ("CalendarPage.fxml");
        x2.x4 (x5);
    }
    catch (x6 x7) {
        x8.x9.x10 (x7.x11 ());
    }

}

</source>
<source file="Group13_source/frontend/View.java" startline="91" endline="95">
{
    x1 x2 = (x1) x3 ("CalendarPage.fxml");
    x2.x4 (x5);
}

</source>
<source file="Group13_source/frontend/View.java" startline="95" endline="97">
{
    x1.x2.x3 (x4.x5 ());
}

</source>
<source file="Group13_source/frontend/View.java" startline="100" endline="108">
{
    try {
        x1 x2 = (x1) x3 ("FXMLProntPage.fxml");
        x2.x4 (x5);
    }
    catch (x6 x7) {
        x8.x9.x10 (x7.x11 ());
    }

}

</source>
<source file="Group13_source/frontend/View.java" startline="101" endline="105">
{
    x1 x2 = (x1) x3 ("FXMLProntPage.fxml");
    x2.x4 (x5);
}

</source>
<source file="Group13_source/frontend/View.java" startline="105" endline="107">
{
    x1.x2.x3 (x4.x5 ());
}

</source>
<source file="Group13_source/frontend/View.java" startline="110" endline="118">
{
    try {
        x1 x2 = (x1) x3 ("NewMessagePage.fxml");
        x2.x4 (x5);
    }
    catch (x6 x7) {
        x8.x9.x10 (x7.x11 ());
    }

}

</source>
<source file="Group13_source/frontend/View.java" startline="111" endline="115">
{
    x1 x2 = (x1) x3 ("NewMessagePage.fxml");
    x2.x4 (x5);
}

</source>
<source file="Group13_source/frontend/View.java" startline="115" endline="117">
{
    x1.x2.x3 (x4.x5 ());
}

</source>
<source file="Group13_source/frontend/View.java" startline="120" endline="127">
{
    try {
        x1 x2 = (x1) x3 ("TakePage.fxml");
        x2.x4 (x5);
    }
    catch (x6 x7) {
        x8.x9.x10 (x7.x11 ());
    }

}

</source>
<source file="Group13_source/frontend/View.java" startline="121" endline="124">
{
    x1 x2 = (x1) x3 ("TakePage.fxml");
    x2.x4 (x5);
}

</source>
<source file="Group13_source/frontend/View.java" startline="124" endline="126">
{
    x1.x2.x3 (x4.x5 ());
}

</source>
<source file="Group13_source/frontend/View.java" startline="130" endline="137">
{
    try {
        x1 x2 = (x1) x3 ("SwapShift.fxml");
        x2.x4 (x5);
    }
    catch (x6 x7) {
        x8.x9.x10 (x7.x11 ());
    }

}

</source>
<source file="Group13_source/frontend/View.java" startline="131" endline="134">
{
    x1 x2 = (x1) x3 ("SwapShift.fxml");
    x2.x4 (x5);
}

</source>
<source file="Group13_source/frontend/View.java" startline="134" endline="136">
{
    x1.x2.x3 (x4.x5 ());
}

</source>
<source file="Group13_source/frontend/View.java" startline="142" endline="153">
{
    if (x1.x2 (x3, x4)) {
        x5 = x3;
        x6 ();
        return true;
    }
    else {
        return false;
    }

}

</source>
<source file="Group13_source/frontend/View.java" startline="144" endline="148">
{
    x1 = x2;
    x3 ();
    return true;
}

</source>
<source file="Group13_source/frontend/View.java" startline="150" endline="152">
{
    return false;
}

</source>
<source file="Group13_source/frontend/View.java" startline="157" endline="159">
{
    x1 ();
}

</source>
<source file="Group13_source/frontend/View.java" startline="162" endline="164">
{
    x1 ();
}

</source>
<source file="Group13_source/frontend/View.java" startline="167" endline="169">
{
    x1 ();
}

</source>
<source file="Group13_source/frontend/View.java" startline="172" endline="174">
{
    x1 ();
}

</source>
<source file="Group13_source/frontend/View.java" startline="176" endline="178">
{
    x1 ();
}

</source>
<source file="Group13_source/frontend/View.java" startline="180" endline="182">
{
    x1 ();
}

</source>
<source file="Group13_source/frontend/View.java" startline="184" endline="186">
{
    x1 ();
}

</source>
<source file="Group13_source/frontend/View.java" startline="189" endline="191">
{
    return x1;
}

</source>
<source file="Group13_source/frontend/View.java" startline="194" endline="256">
{
    x1 [] x2 = x3.x4 (x5);
    if (x2 == null) {
        return null;
    }

    x6 < x6 < x1 > > x7 = new x6 < x6 < x1 > > ();
    int x8 = 0;
    while (x8 < 7) {
        x7.x9 (new x6 < x1 > ());
        x8 = x8 + 1;
    }

    int x10 = x2.x11;
    x12 x13 = x14;
    x12 x15;
    x16 x17;
    int x18 = 0;
    x8 = 0;
    while (x8 < x10) {
        x17 = x2 [x8].x19 ();
        x17 = x17.x20 (0, 10);
        x15 = x12.x21 (x17);
        int x22 = x13.x23 (x15);
        if (x13.x23 (x15) > 0) {
            x8 = x8 + 2;
        }
        else if (x13.x23 (x15) < 0) {
            x18 = x18 + 1;
            if (x18 == 7) {
                x8 = x10;
            }
            else {
                x13 = x13.x24 (1);
            }

        }
        else {
            x7.x25 (x18).x9 (x2 [x8]);
            x7.x25 (x18).x9 (x2 [x8 + 1]);
            x8 = x8 + 2;
        }

    }

    return x7;
}

</source>
<source file="Group13_source/frontend/View.java" startline="197" endline="199">
{
    return null;
}

</source>
<source file="Group13_source/frontend/View.java" startline="207" endline="210">
{
    x1.x2 (new x3 < x4 > ());
    x5 = x5 + 1;
}

</source>
<source file="Group13_source/frontend/View.java" startline="219" endline="251">
{
    x1 = x2 [x3].x4 ();
    x1 = x1.x5 (0, 10);
    x6 = x7.x8 (x1);
    int x9 = x10.x11 (x6);
    if (x10.x11 (x6) > 0) {
        x3 = x3 + 2;
    }
    else if (x10.x11 (x6) < 0) {
        x12 = x12 + 1;
        if (x12 == 7) {
            x3 = x13;
        }
        else {
            x10 = x10.x14 (1);
        }

    }
    else {
        x15.x16 (x12).x17 (x2 [x3]);
        x15.x16 (x12).x17 (x2 [x3 + 1]);
        x3 = x3 + 2;
    }

}

</source>
<source file="Group13_source/frontend/View.java" startline="227" endline="229">
{
    x1 = x1 + 2;
}

</source>
<source file="Group13_source/frontend/View.java" startline="231" endline="241">
{
    x1 = x1 + 1;
    if (x1 == 7) {
        x2 = x3;
    }
    else {
        x4 = x4.x5 (1);
    }

}

</source>
<source file="Group13_source/frontend/View.java" startline="234" endline="236">
{
    x1 = x2;
}

</source>
<source file="Group13_source/frontend/View.java" startline="238" endline="240">
{
    x1 = x1.x2 (1);
}

</source>
<source file="Group13_source/frontend/View.java" startline="245" endline="250">
{
    x1.x2 (x3).x4 (x5 [x6]);
    x1.x2 (x3).x4 (x5 [x6 + 1]);
    x6 = x6 + 2;
}

</source>
<source file="Group13_source/frontend/View.java" startline="259" endline="348">
{
    x1 [] x2 = x3.x4 (x5);
    x6 < x6 < x1 > > x7 = new x6 < x6 < x1 > > ();
    if (x2 == null) {
        return null;
    }

    int x8 = x2.x9;
    x10 x11 = x12;
    x10 x13;
    x14 x15;
    int x16 = 0;
    int x17 = x11.x18 ();
    int x19 = 0;
    int x20 = 0;
    if (x17 == 2) {
        if (x11.x21 ()) {
            x19 = 29;
        }
        else {
            x19 = 28;
        }

    }
    else if (x17 == 4 || x17 == 6 || x17 == 9 || x17 == 11) {
        x19 = 30;
    }
    else {
        x19 = 31;
    }

    while (x20 < x19) {
        x7.x22 (new x6 < x1 > ());
        x20 = x20 + 1;
    }

    x20 = 0;
    while (x20 < x8) {
        x15 = x2 [x20].x23 ();
        x15 = x15.x24 (0, 10);
        x13 = x10.x25 (x15);
        int x26 = x13.x27 ();
        if ((x13.x18 ()) < x17) {
            x20 = x20 + 2;
        }
        else if ((x13.x18 ()) > x17) {
            x20 = x8;
        }
        else if ((x13.x27 () - 1) > x16) {
            x16 = x16 + 1;
            if (x16 == x19) {
                x20 = x8;
            }

        }
        else {
            x7.x28 (x16).x22 (x2 [x20]);
            x7.x28 (x16).x22 (x2 [x20 + 1]);
            x20 = x20 + 2;
        }

    }

    return x7;
}

</source>
<source file="Group13_source/frontend/View.java" startline="265" endline="267">
{
    return null;
}

</source>
<source file="Group13_source/frontend/View.java" startline="278" endline="287">
{
    if (x1.x2 ()) {
        x3 = 29;
    }
    else {
        x3 = 28;
    }

}

</source>
<source file="Group13_source/frontend/View.java" startline="280" endline="282">
{
    x1 = 29;
}

</source>
<source file="Group13_source/frontend/View.java" startline="284" endline="286">
{
    x1 = 28;
}

</source>
<source file="Group13_source/frontend/View.java" startline="289" endline="291">
{
    x1 = 30;
}

</source>
<source file="Group13_source/frontend/View.java" startline="293" endline="295">
{
    x1 = 31;
}

</source>
<source file="Group13_source/frontend/View.java" startline="299" endline="302">
{
    x1.x2 (new x3 < x4 > ());
    x5 = x5 + 1;
}

</source>
<source file="Group13_source/frontend/View.java" startline="307" endline="343">
{
    x1 = x2 [x3].x4 ();
    x1 = x1.x5 (0, 10);
    x6 = x7.x8 (x1);
    int x9 = x6.x10 ();
    if ((x6.x11 ()) < x12) {
        x3 = x3 + 2;
    }
    else if ((x6.x11 ()) > x12) {
        x3 = x13;
    }
    else if ((x6.x10 () - 1) > x14) {
        x14 = x14 + 1;
        if (x14 == x15) {
            x3 = x13;
        }

    }
    else {
        x16.x17 (x14).x18 (x2 [x3]);
        x16.x17 (x14).x18 (x2 [x3 + 1]);
        x3 = x3 + 2;
    }

}

</source>
<source file="Group13_source/frontend/View.java" startline="314" endline="316">
{
    x1 = x1 + 2;
}

</source>
<source file="Group13_source/frontend/View.java" startline="318" endline="321">
{
    x1 = x2;
}

</source>
<source file="Group13_source/frontend/View.java" startline="326" endline="333">
{
    x1 = x1 + 1;
    if (x1 == x2) {
        x3 = x4;
    }

}

</source>
<source file="Group13_source/frontend/View.java" startline="329" endline="332">
{
    x1 = x2;
}

</source>
<source file="Group13_source/frontend/View.java" startline="337" endline="342">
{
    x1.x2 (x3).x4 (x5 [x6]);
    x1.x2 (x3).x4 (x5 [x6 + 1]);
    x6 = x6 + 2;
}

</source>
<source file="Group13_source/frontend/View.java" startline="351" endline="369">
{
    x1 x2 = x3.x4 (x5);
    x6 < x1 > x7 = new x6 < x1 > ();
    x1 x8;
    int x9 = 0;
    int x10 = 0;
    while (x9 < x2.x11 ()) {
        if (x2.x12 (x9) == '\n') {
            x8 = x2.x13 (x10, x9);
            x7.x14 (x8);
            x10 = x9 + 1;
        }

        x9 = x9 + 1;
    }

    return x7;
}

</source>
<source file="Group13_source/frontend/View.java" startline="358" endline="366">
{
    if (x1.x2 (x3) == '\n') {
        x4 = x1.x5 (x6, x3);
        x7.x8 (x4);
        x6 = x3 + 1;
    }

    x3 = x3 + 1;
}

</source>
<source file="Group13_source/frontend/View.java" startline="360" endline="364">
{
    x1 = x2.x3 (x4, x5);
    x6.x7 (x1);
    x4 = x5 + 1;
}

</source>
<source file="Group13_source/frontend/View.java" startline="372" endline="383">
{
    x1 [] x2 = x3.x4 ();
    x5 < x1 > x6 = new x5 < x1 > ();
    int x7 = 0;
    while (x7 < x2.x8) {
        x6.x9 (x2 [x7]);
        x7 = x7 + 1;
    }

    return x6;
}

</source>
<source file="Group13_source/frontend/View.java" startline="377" endline="380">
{
    x1.x2 (x3 [x4]);
    x4 = x4 + 1;
}

</source>
<source file="Group13_source/frontend/View.java" startline="386" endline="396">
{
    if (! x1.x2 (x3)) {
        x1.x4 (x5, x3, x6);
        return true;
    }
    else {
        return false;
    }

}

</source>
<source file="Group13_source/frontend/View.java" startline="388" endline="391">
{
    x1.x2 (x3, x4, x5);
    return true;
}

</source>
<source file="Group13_source/frontend/View.java" startline="393" endline="395">
{
    return false;
}

</source>
<source file="Group13_source/frontend/View.java" startline="399" endline="402">
{
    x1 [] x2 = {x3.x4 (), x3.x5 ()};
    x6.x7 (x3.x8 (), x9, x2);
}

</source>
<source file="Group13_source/frontend/View.java" startline="404" endline="419">
{
    x1 x2 = new x1 ();
    x3 x4 = x5.class.x6 (x7);
    x2.x8 (new x9 ());
    x2.x10 (x5.class.x11 (x7));
    x12 x13;
    try {
        x13 = (x12) x2.x14 (x4);
    }
    finally {
        x4.x15 ();
    }

    x16 x17 = new x16 (x13, 800, 600);
    x18.x19 (x17);
    x18.x20 ();
    return (x21) x2.x22 ();
}

</source>
<source file="Group13_source/frontend/View.java" startline="410" endline="412">
{
    x1 = (x2) x3.x4 (x5);
}

</source>
<source file="Group13_source/frontend/View.java" startline="412" endline="414">
{
    x1.x2 ();
}

</source>
<source file="Group13_source/frontend/View.java" startline="423" endline="428">
{
    x1 x2 = new x1 (x3, x4, x5, 1, x6.x7 (x8), x9, x10);
    x6.x11 (x2);
}

</source>
<source file="Group13_source/frontend/View.java" startline="432" endline="434">
{
    x1.x2 (x3, x4, x5, x6, 1, x7);
}

</source>
<source file="Group13_source/frontend/View.java" startline="437" endline="439">
{
    x1.x2 (x3, x4);
}

</source>
<source file="Group13_source/frontend/View.java" startline="442" endline="444">
{
    x1.x2 (x3, x4);
}

</source>
<source file="Group13_source/frontend/View.java" startline="447" endline="449">
{
    x1.x2 (x3, x4);
}

</source>
<source file="Group13_source/frontend/View.java" startline="452" endline="454">
{
    x1.x2 (x3);
}

</source>
<source file="Group13_source/frontend/View.java" startline="460" endline="462">
{
    x1 (x2);
}

</source>
