<source file="Group13_source/controller/RequestResults.java" startline="25" endline="27">
public x1 () {
}
</source>
<source file="Group13_source/controller/RequestResults.java" startline="33" endline="35">
void x1 (x2 [] x3) {
    x4.x3 = x3;
}
</source>
<source file="Group13_source/controller/RequestResults.java" startline="37" endline="39">
public x1 [] x2 () {
    return x3;
}
</source>
<source file="Group13_source/controller/RequestResults.java" startline="44" endline="46">
public boolean x1 () {
    return x2;
}
</source>
<source file="Group13_source/controller/RequestResults.java" startline="51" endline="53">
public void x1 (boolean x2) {
    x3.x2 = x2;
}
</source>
<source file="Group13_source/controller/RequestResults.java" startline="58" endline="60">
public x1 [] x2 () {
    return x3;
}
</source>
<source file="Group13_source/controller/RequestResults.java" startline="65" endline="67">
public void x1 (x2 [] x3) {
    x4.x3 = x3;
}
</source>
<source file="Group13_source/controller/RequestResults.java" startline="72" endline="74">
public x1 x2 () {
    return x3;
}
</source>
<source file="Group13_source/controller/RequestResults.java" startline="79" endline="81">
public void x1 (x2 x3) {
    x4.x3 = x3;
}
</source>
<source file="Group13_source/controller/RequestResults.java" startline="86" endline="88">
public int x1 () {
    return x2;
}
</source>
<source file="Group13_source/controller/RequestResults.java" startline="93" endline="95">
public void x1 (int x2) {
    x3.x2 = x2;
}
</source>
<source file="Group13_source/controller/RequestResults.java" startline="100" endline="102">
public x1 x2 () {
    return x3;
}
</source>
<source file="Group13_source/controller/RequestResults.java" startline="107" endline="109">
public void x1 (x2 x3) {
    x4.x3 = x3;
}
</source>
<source file="Group13_source/controller/Message.java" startline="27" endline="36">
public x1 (x2 x3, byte [] x4, x5 x6 [], x7 x8, x2 x9, boolean x10) {
    if (x6 != null && x6.x11 % 2 != 0) throw new x12 ("Shift must contain an even number of elements");

    x13.x4 = x4;
    x13.x3 = x3;
    x13.x6 = x6;
    x13.x8 = x8;
    x13.x9 = x9;
    x13.x10 = x10;
}
</source>
<source file="Group13_source/controller/Message.java" startline="38" endline="40">
public x1 x2 () {
    return x3;
}
</source>
<source file="Group13_source/controller/Message.java" startline="42" endline="44">
public byte [] x1 () {
    return x2;
}
</source>
<source file="Group13_source/controller/Message.java" startline="46" endline="48">
public x1 [] x2 () {
    return x3;
}
</source>
<source file="Group13_source/controller/Message.java" startline="50" endline="52">
public x1 x2 () {
    return x3;
}
</source>
<source file="Group13_source/controller/Message.java" startline="57" endline="59">
public boolean x1 () {
    return x2;
}
</source>
<source file="Group13_source/controller/Message.java" startline="64" endline="66">
public x1 x2 () {
    return x3;
}
</source>
<source file="Group13_source/controller/Employee.java" startline="25" endline="39">
public x1 (x2 x3, x2 x4, x2 x5, int x6, byte [] x7, x2 x8, float x9) {
    if (x3 == null || x3.x10 ("")) throw new x11 ("Invalid employee Id");

    if (x4 == null || x4.x10 ("")) throw new x11 ("Invalid First Name");

    if (x5 == null || x5.x10 ("")) throw new x11 ("Invalid Last Name");

    if (x6 > 3) throw new x11 ("accessLevel is out of range");

    if (x9 < 0) throw new x11 ("Wage must be a positive number");

    x12.x3 = x3;
    x12.x4 = x4;
    x12.x5 = x5;
    x12.x6 = x6;
    x12.x7 = x7;
    x12.x8 = x8;
    x12.x9 = x9;
}
</source>
<source file="Group13_source/controller/Employee.java" startline="44" endline="46">
public x1 x2 () {
    return x3;
}
</source>
<source file="Group13_source/controller/Employee.java" startline="51" endline="53">
public x1 x2 () {
    return x3;
}
</source>
<source file="Group13_source/controller/Employee.java" startline="58" endline="60">
public x1 x2 () {
    return x3;
}
</source>
<source file="Group13_source/controller/Employee.java" startline="65" endline="67">
public int x1 () {
    return x2;
}
</source>
<source file="Group13_source/controller/Employee.java" startline="72" endline="74">
public byte [] x1 () {
    return x2;
}
</source>
<source file="Group13_source/controller/Employee.java" startline="79" endline="81">
public x1 x2 () {
    return x3;
}
</source>
<source file="Group13_source/controller/Employee.java" startline="86" endline="88">
public float x1 () {
    return x2;
}
</source>
<source file="Group13_source/controller/Request.java" startline="39" endline="45">
public x1 (x2 x3, x2 x4, x5 x6, x7 x8) {
    x9.x3 = x3;
    x9.x4 = x4;
    x9.x6 = x6;
    x9.x8 = x8;
}
</source>
<source file="Group13_source/controller/Request.java" startline="49" endline="52">
public static x1 x2 (x3 x4, byte [] x5) {
    x6 x7 = new x6 (null, x5, null, null, null, false);
    return new x1 (x4, null, x7, x8.x9);
}
</source>
<source file="Group13_source/controller/Request.java" startline="54" endline="57">
public static x1 x2 () {
    return new x1 (null, null, null, x3.x4);
}
</source>
<source file="Group13_source/controller/Request.java" startline="59" endline="62">
public static x1 x2 (x3 x4) {
    return new x1 (x4, null, null, x5.x6);
}
</source>
<source file="Group13_source/controller/Request.java" startline="64" endline="68">
public static x1 x2 (x3 x4, x3 x5, x3 x6) {
    x7 x8 = new x7 (x6, null, null, null, null, false);
    return new x1 (x4, x5, x8, x9.x10);
}
</source>
<source file="Group13_source/controller/Request.java" startline="70" endline="72">
public static x1 x2 (x3 x4) {
    return new x1 (x4, null, null, x5.x6);
}
</source>
<source file="Group13_source/controller/Request.java" startline="74" endline="77">
public static x1 x2 (x3 x4, x5 x6) {
    x7 x8 = new x7 (null, null, null, x6, null, false);
    return new x1 (x4, null, x8, x9.x10);
}
</source>
<source file="Group13_source/controller/Request.java" startline="79" endline="81">
public static x1 x2 (x3 x4, x3 x5) {
    return new x1 (x4, x5, null, x6.x7);
}
</source>
<source file="Group13_source/controller/Request.java" startline="83" endline="86">
public static x1 x2 (x3 x4, x5 [] x6) {
    x7 x8 = new x7 (null, null, x6, null, null, false);
    return new x1 (x4, null, x8, x9.x10);
}
</source>
<source file="Group13_source/controller/Request.java" startline="97" endline="100">
public static x1 x2 (x3 x4, x3 x5, x6 [] x7) {
    x8 x9 = new x8 (null, null, x7, null, null, false);
    return new x1 (x4, x5, x9, x10.x11);
}
</source>
<source file="Group13_source/controller/Request.java" startline="102" endline="106">
public static x1 x2 (x3 x4, x3 x5, x6 [] x7, boolean x8) {
    x9 x10 = new x9 (null, null, x7, null, null, x8);
    return new x1 (x4, x5, x10, x11.x12);
}
</source>
<source file="Group13_source/controller/Request.java" startline="108" endline="112">
public static x1 x2 (x3 x4, x3 x5, x3 x6, x7 [] x8, boolean x9) {
    x10 x11 = new x10 (null, null, x8, null, x6, x9);
    return new x1 (null, null, x11, x12.x13);
}
</source>
<source file="Group13_source/controller/Request.java" startline="114" endline="117">
public static x1 x2 (x3 x4) {
    return new x1 (x4, null, null, x5.x6);
}
</source>
<source file="Group13_source/controller/Request.java" startline="119" endline="124">
public static x1 x2 (x3 x4, x5 x6, x5 x7) {
    x5 [] x8 = {x6, x7};
    x9 x10 = new x9 (null, null, x8, null, null, false);
    return new x1 (x4, null, x10, x11.x12);
}
</source>
<source file="Group13_source/controller/Request.java" startline="132" endline="136">
public static x1 x2 (x3 x4, byte [] x5) {
    x6 x7 = new x6 (null, x5, null, null, null, false);
    return new x1 (x4, null, x7, x8.x9);
}
</source>
<source file="Group13_source/controller/Request.java" startline="149" endline="154">
public static x1 x2 (x3 x4, x3 x5, x3 x6, x3 x7, int x8, float x9) {
    x10 x11 = new x10 (x4, x5, x6, x8, null, x7, x9);
    x12 x13 = new x12 (null, null, null, x11, null, false);
    return new x1 (null, null, x13, x14.x15);
}
</source>
<source file="Group13_source/controller/Request.java" startline="165" endline="170">
public static x1 x2 (x3 x4, int x5) {
    x6 x7 = new x6 (x4, " ", " ", x5, null, null, 0);
    x8 x9 = new x8 (null, null, null, x7, null, false);
    return new x1 (x4, null, x9, x10.x11);
}
</source>
<source file="Group13_source/controller/Request.java" startline="172" endline="175">
public static x1 x2 (x3 x4) {
    return new x1 (x4, null, null, x5.x6);
}
</source>
<source file="Group13_source/controller/Request.java" startline="177" endline="180">
public static x1 x2 (x3 x4) {
    return new x1 (x4, null, null, x5.x6);
}
</source>
<source file="Group13_source/controller/Request.java" startline="188" endline="192">
public static x1 x2 (x3 x4, x3 x5) {
    x6 x7 = new x6 (null, null, null, null, x5, false);
    return new x1 (x4, null, x7, x8.x9);
}
</source>
<source file="Group13_source/controller/Request.java" startline="199" endline="206">
public static x1 x2 (x3 x4) {
    x5 [] x6 = new x5 [2];
    x6 [0] = x4.x7 ();
    x6 [1] = x4.x8 ();
    x9 x10 = new x9 (null, null, x6, null, null, false);
    return new x1 (x4.x11 (), null, x10, x12.x13);
}
</source>
<source file="Group13_source/controller/Request.java" startline="214" endline="218">
public static x1 x2 (x3 x4, boolean x5) {
    x6 x7 = new x6 (null, null, null, null, x4, x5);
    return new x1 (null, null, x7, x8.x9);
}
</source>
<source file="Group13_source/controller/Request.java" startline="220" endline="223">
public static x1 x2 (x3 x4, x3 x5) {
    return new x1 (x4, x5, null, x6.x7);
}
</source>
<source file="Group13_source/controller/Request.java" startline="231" endline="234">
public void x1 (x2 x3) {
    x4 = x3;
}
</source>
<source file="Group13_source/controller/Request.java" startline="240" endline="243">
public void x1 (x2 x3) {
    x4 = x3;
}
</source>
<source file="Group13_source/controller/Request.java" startline="248" endline="251">
public x1 x2 () {
    return x3;
}
</source>
<source file="Group13_source/controller/Request.java" startline="256" endline="259">
public x1 x2 () {
    return x3;
}
</source>
<source file="Group13_source/controller/Request.java" startline="264" endline="267">
public x1 x2 () {
    return x3;
}
</source>
<source file="Group13_source/controller/Request.java" startline="272" endline="275">
public x1 x2 () {
    return x3;
}
</source>
<source file="Group13_source/controller/Request.java" startline="277" endline="279">
public x1 x2 () {
    return x3.x2 ();
}
</source>
<source file="Group13_source/controller/Request.java" startline="281" endline="283">
public byte [] x1 () {
    return x2.x1 ();
}
</source>
<source file="Group13_source/controller/Request.java" startline="285" endline="287">
public x1 [] x2 () {
    return x3.x2 ();
}
</source>
<source file="Group13_source/controller/Request.java" startline="289" endline="291">
public x1 x2 () {
    return x3.x2 ();
}
</source>
<source file="Group13_source/controller/Request.java" startline="293" endline="295">
public boolean x1 () {
    return x2.x1 ();
}
</source>
<source file="Group13_source/controller/Request.java" startline="297" endline="299">
public x1 x2 () {
    return x3.x2 ();
}
</source>
<source file="Group13_source/controller/Controller.java" startline="26" endline="43">
public x1 () {
    try {
        x2.x3 ("org.postgresql.Driver");
    } catch (x4 x5) {
        x5.x6 ();
        x7.x8.x9 ("fail");
    }
    try {
        x10 = x11.x12 ("jdbc:postgresql://lovett.usask.ca:5432/", "cmpt370_group13", "1truegod");
    } catch (x13 x14) {
        x7.x8.x9 ("Error connecting to Database...");
        x7.x8.x9 (x14.x15 ());
    }
}
</source>
<source file="Group13_source/controller/Controller.java" startline="51" endline="364">
public x1 x2 (x3 x4) throws x5 {
    x1 x6 = null;
    switch (x4.x7 ()) {
        case x8 :
            {
                x9 x10 = x11.x12 ();
                x10.x13 (x14 (x4.x15 (), x4.x16 () [0], x4.x16 () [1]));
                break;
            } case x17 :
            {
                x9 x18 = x11.x12 ();
                x19 x20 = x18.x21 (x22 (x4.x15 ()));
                x20.x23 ();
                x24 x25 = x20.x26 ("manager");
                x19 x27 = x18.x21 (x28 (x25));
                x27.x23 ();
                boolean x29 = x27.x30 ("ma_approval");
                x31.x32.x33 (x29);
                x19 x34 = x18.x21 (x22 (x4.x15 ()));
                x34.x23 ();
                x24 x35 = x34.x26 ("manager");
                x19 x36 = x18.x21 (x28 (x25));
                x36.x23 ();
                boolean x37 = x36.x30 ("ma_approval");
                if (x4.x16 () [2] == null) {
                    x31.x32.x33 (x4.x16 () [0].x38 ());
                    x18.x13 (x39 (x4.x15 (), x4.x40 (), x4.x16 (), "take", x25, x29, x35, x37));
                    x18.x41 ();
                    x42 [] x43 = new x42 [2];
                    x43 [0] = x4.x16 () [0];
                    x43 [1] = x4.x16 () [1];
                    x3 x44 = x3.x45 (x4.x15 (), x4.x40 (), x43, true);
                    x2 (x44);
                } else {
                    x18.x46 (x39 (x4.x15 (), x4.x40 (), x4.x16 (), "TRADE", x25, x29, x35, x37));
                    x18.x46 (x47 (x4.x15 (), x4.x40 (), "TRADE: " + x4.x15 () + " wants to trade " + x4.x16 () [0] + " for " + x4.x16 () [2]));
                    x18.x48 ();
                    x18.x41 ();
                }
                break;
            } case x49 :
            {
                x9 x50 = x11.x12 ();
                x19 x51 = x50.x21 (x52 (x4.x15 (), x4.x40 (), x4.x16 () [0], x4.x16 () [1]));
                if (! x51.x23 ()) throw new x5 ("Data nor found");

                if (x4.x53 ()) {
                    boolean x54 = x51.x30 ("initmanagersign");
                    boolean x55 = x51.x30 ("finaltmanagersign");
                    if (! x54 || ! x55) {
                        x24 x56 = "nothing";
                        if (x51.x57 ("initshiftstart") != null) {
                            x56 = x51.x57 ("initshiftstart").x38 ();
                        }
                        x9 x58 = x11.x12 ();
                        if (! x54) {
                            x24 x59 = x51.x26 ("initmanagerlogin");
                            x58.x13 (x47 ("Server", x59, "APPROVAL: " + x51.x26 ("initlogin") + " wants to trade " + x56 + " for " + x51.x26 ("finalshiftstart") + ". This request requires your approval"));
                        }
                        if (! x55) {
                            x24 x59 = x51.x26 ("finalmanagerlogin");
                            x58.x13 (x47 ("Server", x59, "APPROVAL: " + x51.x26 ("finallogin") + " wants to trade " + x51.x26 ("finalshiftstart") + " for " + x56 + ". This request requires your approval"));
                        }
                    } else {
                        x60 (x51);
                    }
                } else {
                    x24 x61 = x51.x26 ("sender");
                    x50.x46 (x62 (x4.x15 (), x4.x40 (), x4.x16 () [0], x4.x16 () [1]));
                    x50.x46 (x47 ("Server", x61, "TRADE: trading " + x4.x16 () [0] + " was rejected by the recipient"));
                    x50.x48 ();
                }
                x50.x41 ();
                break;
            } case x63 :
            {
                x9 x64 = x11.x12 ();
                x19 x51 = x64.x21 (x52 (x4.x15 (), x4.x40 (), x4.x16 () [0], x4.x16 () [1]));
                if (! x51.x23 ()) throw new x5 ("Data not found");

                if (x4.x53 ()) {
                    x9 x65 = x11.x12 ();
                    x65.x21 (x66 (x4.x15 (), x4.x40 (), x4.x16 () [0], x4.x16 () [1], x4.x67 ()));
                    boolean x54 = x51.x30 ("initmanagersign");
                    boolean x55 = x51.x30 ("finaltmanagersign");
                    if (x54 && x55) x60 (x51);

                } else {
                    x24 x61 = x51.x26 ("sender");
                    x24 x68 = x51.x26 ("recipient");
                    x64.x46 (x62 (x4.x15 (), x4.x40 (), x4.x16 () [0], x4.x16 () [1]));
                    x64.x46 (x47 ("Server", x61, "TRADE: trading " + x4.x16 () [0] + " was rejected by a manager"));
                    x64.x46 (x47 ("Server", x61, "TRADE: trading " + x4.x16 () [1] + " was rejected by a manager"));
                    x64.x48 ();
                }
                x64.x41 ();
                break;
            } case x69 :
            {
                x9 x70 = x11.x12 ();
                x70.x13 (x71 (x4.x15 (), x4.x16 () [0], x4.x16 () [1]));
                x70.x41 ();
            } case x72 :
            {
                boolean x73 = false;
                x9 x74 = x11.x12 ();
                x19 x75 = x74.x21 (x76.x77 (x4.x15 ()));
                while (x75.x23 () && ! x73) {
                    byte [] x78 = x4.x79 ();
                    byte [] x80 = x75.x81 ("emppassword");
                    x73 = x82.x83 (x78, x80);
                }
                x6 = new x1 ();
                x6.x84 (x73);
                x74.x41 ();
                break;
            } case x85 :
            {
                x86 x87 = x11.x88 ("INSERT INTO employees (empfirstname, emplastname, empaccesslevel, emplogin, emppassword, empemail, empwage)" + " VALUES (?, ?, ?, ?, ?, ?, ?)");
                x89 x90 = x4.x91 ();
                x87.x92 (1, x90.x93 ());
                x87.x92 (2, x90.x94 ());
                x87.x95 (3, x90.x96 ());
                x87.x92 (4, x90.x97 ());
                x87.x98 (5, x90.x79 ());
                x87.x92 (6, x90.x99 ());
                x87.x100 (7, x90.x101 ());
                x87.x13 ();
                x87.x41 ();
                x9 x102 = x11.x12 ();
                x102.x103 (x76.x104 (x90.x97 ()));
                break;
            } case x105 :
            {
                break;
            } case x106 :
            {
                x9 x107 = x11.x12 (x19.x108, x19.x109);
                x19 x75 = x107.x21 (x76.x110 (x4.x15 ()));
                x42 [] x111 = x112 (x75);
                x6 = new x1 ();
                x6.x113 (x111);
                x107.x41 ();
                break;
            } case x114 :
            {
                x9 x115 = x11.x12 ();
                x19 x75 = x115.x21 (x76.x116 (x4.x15 ()));
                if (! x75.x23 ()) return null;

                x6 = new x1 ();
                x6.x84 (x75.x30 ("isfound"));
                x115.x41 ();
                break;
            } case x117 :
            {
                x9 x118 = x11.x12 ();
                x19 x75 = x118.x21 (x22 (x4.x15 ()));
                if (! x75.x23 ()) return null;

                x6 = new x1 ();
                x89 x119 = new x89 (x4.x15 (), x75.x26 ("empfirstname"), x75.x26 ("emplastname"), x75.x120 ("empaccesslevel"), null, x75.x26 ("empemail"), x75.x121 ("empwage"));
                x6.x122 (x119);
            } case x123 :
            {
                x9 x124 = x11.x12 ();
                x19 x75 = x124.x21 (x125 (x4.x15 (), x4.x40 ()));
                if (! x75.x23 ()) return null;

                x6 = new x1 ();
                x6.x126 (x75.x26 ("emplogin"));
            } case x127 :
            {
                x9 x128 = x11.x12 (x19.x108, x19.x109);
                x19 x75 = x128.x21 (x76.x129 (x4.x16 () [0], x4.x16 () [1], x4.x15 ()));
                x42 [] x111 = x112 (x75);
                x6 = new x1 ();
                x6.x113 (x111);
                x128.x41 ();
                break;
            } case x130 :
            {
                x86 x131 = x11.x88 ("UPDATE employees SET emppassword = ? WHERE emplogin = ? ");
                x131.x98 (1, x4.x79 ());
                x131.x92 (2, x4.x15 ());
                x131.x13 ();
                x131.x41 ();
                break;
            } case x132 :
            {
                x9 x133 = x11.x12 (x19.x108, x19.x109);
                x19 x134 = x133.x21 (x135 ());
                x24 [] x136;
                x42 [] x137;
                if (x134.x138 ()) {
                    x136 = new x24 [x134.x139 ()];
                    x137 = new x42 [x134.x139 () * 2];
                } else return null;

                x134.x140 ();
                int x141 = 0;
                while (x134.x23 ()) {
                    x136 [x141] = x134.x26 ("giverlogin");
                    x137 [x141 * 2] = x134.x57 ("givershiftstart");
                    x137 [x141 * 2 + 1] = x134.x57 ("givershiftend");
                    x141 ++;
                }
                x134.x41 ();
                x6 = new x1 ();
                x6.x142 (x136);
                x6.x113 (x137);
                break;
            } case x143 :
            {
                x9 x144 = x11.x12 ();
                x144.x13 (x47 (x4.x15 (), x4.x40 (), "MESSAGE: " + x4.x145 ()));
                x144.x41 ();
                break;
            } case x146 :
            {
                x9 x147 = x11.x12 ();
                x19 x148 = x147.x21 (x149 (x4.x15 ()));
                x6 = new x1 ();
                x24 x150 = "";
                while (x148.x23 ()) {
                    x150 += "From: " + x148.x26 ("mssgsender") + " To: " + x148.x26 ("mssgreciever") + " -> " + x148.x26 ("mssgtext") + "\n";
                }
                x6.x126 (x150);
                break;
            } case x151 :
            {
                x9 x152 = x11.x12 ();
                x152.x13 (x153 (x4.x15 (), x4.x154 ()));
                x152.x41 ();
                break;
            } case x155 :
            {
                x9 x156 = x11.x12 ();
                x156.x13 (x157 (x4.x154 (), x4.x53 ()));
                x156.x41 ();
                break;
            } case x158 :
            {
                x9 x159 = x11.x12 ();
                x159.x13 (x160 (null, null, x4.x91 ().x96 (), x4.x15 (), null, - 1));
                x159.x41 ();
                break;
            } case x161 :
            {
                x6 = new x1 ();
                x9 x162 = x11.x12 ();
                x19 x75 = x162.x21 (x163 (x4.x15 ()));
                x162.x41 ();
                x6.x164 (x75.x120 ("empaccesslevel"));
                break;
            }}
    return x6;
}
</source>
<source file="Group13_source/controller/Controller.java" startline="370" endline="378">
private x1 x2 (x1 x3, x1 x4, x5 x6, x5 x7) {
    return ("DELETE FROM shifttransaction" + " WHERE " + "initlogin = '" + x3 + "' AND initshiftstart = '" + x6 + "' AND intshiftend = '" + x7 + "';");
}
</source>
<source file="Group13_source/controller/Controller.java" startline="386" endline="400">
private x1 [] x2 (x3 x4) throws x5 {
    x1 [] x6;
    if (x4.x7 ()) x6 = new x1 [x4.x8 () * 2];
    else return null;

    x4.x9 ();
    for (int x10 = 0;
    x4.x11 (); x10 = x10 + 2) {
        x6 [x10] = x4.x12 ("shiftstarttime");
        x6 [x10 + 1] = x4.x12 ("shiftendtime");
    }
    return x6;
}
</source>
<source file="Group13_source/controller/Controller.java" startline="402" endline="413">
private void x1 (x2 x3) throws x4 {
    x5 x6 = x7.x8 ();
    if (x3.x9 ("transactiontype").x10 ("TRADE")) {
        x6.x11 (x12 (x3.x9 ("initlogin"), x3.x13 ("initshiftstart"), x3.x13 ("initshiftend")));
        x6.x11 (x12 (x3.x9 ("finallogin"), x3.x13 ("initshiftstart"), x3.x13 ("initshiftend")));
    }
    x6.x11 (x12 (x3.x9 ("finallogin"), x3.x13 ("finalshiftstart"), x3.x13 ("finalshiftend")));
    x6.x11 (x14 (x3.x9 ("initlogin"), x3.x13 ("finalshiftstart"), x3.x13 ("finalshiftend")));
    x6.x15 ();
}
</source>
<source file="Group13_source/controller/Controller.java" startline="420" endline="431">
private x1 x2 (x1 x3, x1 x4, x5 x6, x5 x7) {
    x1 x8;
    if (x7 == null) x8 = "null";
    else x8 = x7.x9 ();

    return ("Select * from shifttransaction WHERE " + "initlogin ='" + x3 + "' AND " + "initshiftstart = '" + x6 + "' AND " + "initshiftend = '" + x7 + "';");
}
</source>
<source file="Group13_source/controller/Controller.java" startline="437" endline="443">
private x1 x2 (x1 x3, x1 x4, x5 x6, x5 x7) {
    return ("Select transactionid from shifttransaction WHERE " + "initlogin ='" + x3 + "' AND " + "initshiftstart = '" + x6 + "' AND " + "initshiftend = '" + x7 + "';");
}
</source>
<source file="Group13_source/controller/Controller.java" startline="446" endline="448">
private x1 x2 (x1 x3) {
    return "SELECT empLogin, empPassword FROM login WHERE empLogin = '" + x3 + "'";
}
</source>
<source file="Group13_source/controller/Controller.java" startline="455" endline="461">
private x1 x2 (x1 x3) {
    return "SELECT empfirstname, emplastname, empaccesslevel," + " emplogin, empemail, manager, empwage" + " FROM full_employee_info" + " WHERE emplogin = '" + x3 + "'";
}
</source>
<source file="Group13_source/controller/Controller.java" startline="467" endline="470">
private x1 x2 (x1 x3, x1 x4) {
    return "SELECT emplogin from full_employee_info where empfirstname = '" + x3 + "' AND emplastname = '" + x4 + "';";
}
</source>
<source file="Group13_source/controller/Controller.java" startline="477" endline="483">
private x1 x2 (x1 x3) {
    return "SELECT shiftemployeelogin, shiftstarttime, shiftendtime" + " FROM employeeshifts" + " WHERE shiftemployeelogin = '" + x3 + "'" + " ORDER BY shiftstarttime";
}
</source>
<source file="Group13_source/controller/Controller.java" startline="498" endline="535">
private x1 x2 (x1 x3, x1 x4, int x5, x1 x6, x1 x7, float x8) {
    boolean x9 = false;
    x1 x10 = "UPDATE employees SET ";
    if (x3 != null) {
        x10 = x10 + "empfirstname = '" + x3 + "'";
        x9 = true;
    }
    if (x4 != null) {
        if (x9 == true) {
            x10 = x10 + ", ";
        }
        x10 = x10 + "emplastname = '" + x4 + "' ";
        x9 = true;
    }
    if (x5 != - 1) {
        if (x9 == true) {
            x10 = x10 + ", ";
        }
        x10 = x10 + "empaccesslevel = '" + x5 + "' ";
        x9 = true;
    }
    if (x7 != null) {
        if (x9 == true) {
            x10 = x10 + ", ";
        }
        x10 = x10 + "empemail = '" + x7 + "' ";
        x9 = true;
    }
    if (x8 >= 0) {
        if (x9 == true) {
            x10 = x10 + ", ";
        }
        x10 = x10 + "empwage = '" + x8 + "' ";
        x9 = true;
    }
    x10 = x10 + " WHERE emplogin = '" + x6 + "'";
    return x10;
}
</source>
<source file="Group13_source/controller/Controller.java" startline="545" endline="549">
private x1 x2 (x1 x3) {
    return "INSERT INTO bossmanager (employee)" + " VALUES ('" + x3 + "')";
}
</source>
<source file="Group13_source/controller/Controller.java" startline="557" endline="562">
private x1 x2 (x1 x3, x1 x4) {
    return "UPDATE bossmanager " + "SET manager = '" + x4 + "' " + "WHERE employee = '" + x3 + "' ";
}
</source>
<source file="Group13_source/controller/Controller.java" startline="571" endline="579">
private x1 x2 (x1 x3, x1 x4, x1 x5) {
    return "INSERT INTO employeeinbox (mssgsender, mssgreciever, mssgtext)" + "VALUES(" + "'" + x3 + "', " + "'" + x4 + "', " + "'" + x5 + "' " + ")";
}
</source>
<source file="Group13_source/controller/Controller.java" startline="586" endline="592">
private x1 x2 (x1 x3) {
    return "SELECT mssgreciever, mssgsender, mssgtext, mssgsendtime " + "FROM employeeinbox " + "WHERE mssgreciever = '" + x3 + "' " + "ORDER BY mssgsendtime";
}
</source>
<source file="Group13_source/controller/Controller.java" startline="594" endline="600">
private x1 x2 (x1 x3, x1 x4, x5 x6) {
    return "DELETE FROM employeeinbox WHERE " + "mssgsender = '" + x3 + "' AND " + "mssgreciever = '" + x4 + "' AND " + "mssgsendtime = '" + x6 + "' ";
}
</source>
<source file="Group13_source/controller/Controller.java" startline="608" endline="615">
private x1 x2 (x1 x3) {
    return "SELECT exists(" + "SELECT emplogin " + "FROM employees " + "WHERE emplogin = '" + x3 + "') " + "as isfound";
}
</source>
<source file="Group13_source/controller/Controller.java" startline="626" endline="642">
private x1 x2 (x3 x4, x3 x5, x1 x6) {
    x1 x7 = "SELECT shiftemployeelogin, shiftstarttime, shiftendtime " + "FROM employeeshifts " + "WHERE shiftstarttime >= '" + x4.x8 () + "' " + "AND shiftstarttime <= '" + x5.x8 () + "' " + "AND shiftendtime <= '" + x5.x8 () + "' " + "AND shiftendtime >= '" + x4.x8 () + "' ";
    if (x6 != null) {
        x7 = x7 + "AND shiftemployeelogin = '" + x6 + "' ";
    }
    x7 = x7 + "ORDER BY shiftstarttime";
    return x7;
}
</source>
<source file="Group13_source/controller/Controller.java" startline="649" endline="654">
private x1 x2 () {
    return "SELECT emplogin " + "FROM employees " + "WHERE empaccesslevel = '2' ";
}
</source>
<source file="Group13_source/controller/Controller.java" startline="661" endline="686">
private x1 x2 (x1 x3) {
    x1 x4 = "DELETE FROM bossmanager WHERE employee = '" + x3 + "'; ";
    x1 x5 = "UPDATE bossmanager SET manager = NULL WHERE manager = '" + x3 + "'; ";
    x1 x6 = "DELETE FROM giveshifts WHERE giverlogin = '" + x3 + "'; ";
    x1 x7 = "DELETE FROM shifttransaction WHERE initlogin = '" + x3 + "'; ";
    x1 x8 = "DELETE FROM shifttransaction WHERE finallogin = '" + x3 + "'; ";
    x1 x9 = "DELETE FROM employeeshifts WHERE shiftemployeelogin = '" + x3 + "'; ";
    x1 x10 = "DELETE FROM employeeinbox WHERE mssgreciever = '" + x3 + "'; ";
    x1 x11 = "DELETE FROM employees WHERE emplogin = '" + x3 + "' ";
    return x4 + x5 + x6 + x7 + x8 + x9 + x10 + x11;
}
</source>
<source file="Group13_source/controller/Controller.java" startline="695" endline="703">
private x1 x2 (x1 x3, x4 x5, x4 x6) {
    return "INSERT INTO giveshifts(giverlogin, givershiftstart, givershiftend)" + " VALUES(" + "'" + x3 + "', " + "'" + x5.x7 () + "', " + "'" + x6.x7 () + "' " + ")";
}
</source>
<source file="Group13_source/controller/Controller.java" startline="712" endline="718">
private x1 x2 (x1 x3, x4 x5, x4 x6) {
    return "DELETE FROM giveshifts WHERE " + "giverlogin = '" + x3 + "' AND " + "givershiftstart = '" + x5.x7 () + "' AND " + "givershiftend = '" + x6.x7 () + "' ";
}
</source>
<source file="Group13_source/controller/Controller.java" startline="724" endline="727">
private x1 x2 () {
    return "SELECT giverlogin, givershiftstart, givershiftend FROM giveshifts";
}
</source>
<source file="Group13_source/controller/Controller.java" startline="734" endline="737">
private x1 x2 (x1 x3) {
    return "SELECT ma_approval FROM managerapproval WHERE ma_manager = '" + x3 + "' ";
}
</source>
<source file="Group13_source/controller/Controller.java" startline="751" endline="786">
private x1 x2 (x1 x3, x1 x4, x5 [] x6, x1 x7, x1 x8, boolean x9, x1 x10, boolean x11) {
    if (x6 [2] != null) {
        return "INSERT INTO shifttransaction (initlogin, initshiftstart, initshiftend, finallogin, finalshiftstart, finalshiftend, initmanagerlogin, finaltmanagerlogin, initmanagersign, finalmanagersign, transactiontype,) " + "VALUES ( " + "'" + x3 + "', " + "'" + x6 [0].x12 () + "', " + "'" + x6 [1].x12 () + "', " + "'" + x4 + "', " + "'" + x6 [2].x12 () + "', " + "'" + x6 [3].x12 () + "', " + "'" + x8 + "', " + "'" + x10 + "', " + "'" + x9 + "', " + "'" + x11 + "', " + "'" + x7 + "') ";
    } else {
        x13.x14.x15 ("noo");
        return "INSERT INTO shifttransaction (initlogin, initshiftstart, initshiftend, finallogin, initmanagerlogin, finalmanagerlogin, initmanagersign, finaltmanagersign, transactiontype) " + "VALUES( " + "'" + x3 + "', " + "'" + x6 [0].x12 () + "', " + "'" + x6 [1].x12 () + "', " + "'" + x4 + "', " + "'" + x8 + "', " + "'" + x10 + "', " + "'" + x9 + "', " + "'" + x11 + "', " + "'" + x7 + "' ) ";
    }
}
</source>
<source file="Group13_source/controller/Controller.java" startline="795" endline="799">
private x1 x2 (int x3) {
    return "DELETE FROM shifttransaction WHERE " + "transactionid = '" + x3 + "'";
}
</source>
<source file="Group13_source/controller/Controller.java" startline="815" endline="835">
private x1 x2 (x1 x3, x1 x4, x5 x6, x5 x7, x1 x8) throws x9 {
    x10 x11 = null;
    try {
        x11 = x12.x13 ();
    } catch (x9 x14) {
        x15.x16.x17 ("updateManagerApprovalTransactionsQuery died");
        x14.x18 ();
    }
    x19 x20 = x11.x21 (x22.x23 (x3, x4, x6, x7));
    int x24 = x20.x25 ("Column name here");
    x1 x26 = "UPDATE shifttransaction " + "SET initmanagersign = TRUE " + "WHERE initlogin = '" + x24 + "' AND " + "initmanagerlogin = '" + x8 + "'; " + "UPDATE shifttransaction " + "SET finalmanagersign = TRUE " + "WHERE transactionid = '" + x24 + "' AND " + "finalmanagerlogin = '" + x8 + "' ";
    return x26;
}
</source>
<source file="Group13_source/controller/Controller.java" startline="844" endline="852">
private x1 x2 (x1 x3, x4 x5, x4 x6) {
    return "INSERT INTO employeeshifts (shiftemployeelogin, shiftstarttime, shiftendtime) " + "VALUES (" + "'" + x3 + "', " + "'" + x5.x7 () + "', " + "'" + x6.x7 () + "' " + ")";
}
</source>
<source file="Group13_source/controller/Controller.java" startline="861" endline="867">
private x1 x2 (x1 x3, x4 x5, x4 x6) {
    return "DELETE FROM employeeshifts WHERE " + "shiftemployeelogin = '" + x3 + "' AND " + "shiftstarttime = '" + x5.x7 () + "' AND " + "shiftendtime = '" + x6.x7 () + "'";
}
</source>
<source file="Group13_source/controller/Controller.java" startline="869" endline="874">
private x1 x2 (x1 x3, boolean x4) {
    return "UPDATE managerapproval SET ma_approval = " + "'" + x4 + "' " + "WHERE ma_manager = '" + x3 + "' ";
}
</source>
<source file="Group13_source/controller/Controller.java" startline="876" endline="879">
private x1 x2 (x1 x3) {
    return "SELECT empaccesslevel FROM employees WHERE emplogin = " + x3;
}
</source>
<source file="Group13_source/controller/Controller.java" startline="891" endline="922">
public static void x1 (x2 [] x3) {
    x4 x5 = new x4 ();
    x6.x7.x8 (x5.x9 ("testUsername"));
    x6.x7.x8 (x5.x10 ("testUsername"));
    x6.x7.x8 (x5.x11 ("testUsername"));
    x6.x7.x8 (x5.x12 (null, "buster", 2, "magnusandy", null, - 1));
    x6.x7.x8 (x5.x13 ("testUsername"));
    x6.x7.x8 (x5.x14 ("magnusandy", "oneTrueGod"));
    x6.x7.x8 (x5.x15 ("magnusandy", "oneTrueGod", "Yoooo dawg lets do this"));
    x6.x7.x8 (x5.x16 ("oneTrueGod"));
    x6.x7.x8 (x5.x17 ("magnusandy"));
    x18 x19 = x18.x20 ("2014-10-22 09:00:00");
    x18 x21 = x18.x20 ("2014-10-27 09:00:00");
    x6.x7.x8 (x5.x22 (x19, x21, "tmike"));
    x6.x7.x8 (x5.x22 (x19, x21, null));
    x6.x7.x8 (x5.x23 ());
    x6.x7.x8 (x5.x24 ("tmike"));
    x6.x7.x8 (x5.x25 ("tmike", x19, x21));
    x6.x7.x8 (x5.x26 ("tmike", x19, x21));
    x18 [] x27 = new x18 [4];
    x27 [0] = x18.x20 ("2014-10-20 08:45:00");
    x27 [1] = x18.x20 ("2014-10-20 18:30:00");
    x6.x7.x8 (x5.x28 ("rickjames", x27 [0], x27 [1]));
    x6.x7.x8 (x5.x29 ("rickjames", x27 [0], x27 [1]));
    x6.x7.x8 (x5.x30 ());
    x6.x7.x8 (x5.x31 ("tmike", "rickjames", x27 [0]));
    x6.x7.x8 (x5.x10 ("twarren"));
}
</source>
<source file="Group13_source/controller/Shift.java" startline="27" endline="32">
public x1 (x2 x3, x4 x5, x4 x6) {
    x7 = x3;
    x8 = x5;
    x9 = x6;
}
</source>
<source file="Group13_source/controller/Shift.java" startline="38" endline="41">
public x1 x2 () {
    return x3;
}
</source>
<source file="Group13_source/controller/Shift.java" startline="47" endline="50">
public x1 x2 () {
    return x3;
}
</source>
<source file="Group13_source/controller/Shift.java" startline="56" endline="59">
public x1 x2 () {
    return x3;
}
</source>
<source file="Group13_source/controller/Shift.java" startline="61" endline="67">
@x1
public x2 x3 () {
    x2 x4 = x5 + " " + x6.x3 ().x7 (0, 16) + " - " + x8.x3 ().x7 (0, 16);
    return x4;
}
</source>
<source file="Group13_source/frontend/AddEmployeePageController.java" startline="81" endline="83">
public void x1 (x2 x3) {
    x4.x5 = x3;
}
</source>
<source file="Group13_source/frontend/AddEmployeePageController.java" startline="90" endline="101">
@x1
public void x2 (x3 x4, x5 x6) {
    x7.x8 (null);
    x9.x8 (null);
    x10.x8 (null);
    x11.x8 (null);
    x12.x8 (null);
    x13.x8 (null);
    x14.x8 (null);
    x15.x16 (x17.x18 ("Worker", "Manager", "Owner"));
    x15.x19 ().x20 (0);
}
</source>
<source file="Group13_source/frontend/AddEmployeePageController.java" startline="110" endline="116">
@x1
void x2 (x3 x4) {
    x5.x6 ();
}
</source>
<source file="Group13_source/frontend/AddEmployeePageController.java" startline="124" endline="151">
@x1
void x2 (x3 x4) {
    if (x5.x6 ()) {
        int x7 = 1;
        switch (x8.x9 ().x10 ()) {
            case "Manager" :
                x7 = 2;
                break;
            case "Owner" :
                x7 = 3;
                break;
        }
        float x11 = x12.x13 (x14.x15 ());
        byte [] x16 = x17.x18 (x19.x15 ());
        x20 x21 = new x20 (x22.x15 (), x23.x15 (), x24.x15 (), x7, x16, x25.x15 (), x11);
        x17.x26 (x21);
        x5.x27 ();
    } else {
    }
}
</source>
<source file="Group13_source/frontend/AddEmployeePageController.java" startline="159" endline="168">
private void x1 () {
    x2.x3 (null);
    x4.x3 (null);
    x5.x3 (null);
    x6.x3 (null);
    x7.x3 (null);
    x8.x3 (null);
    x9.x10 ();
}
</source>
<source file="Group13_source/frontend/AddEmployeePageController.java" startline="175" endline="254">
private boolean x1 () {
    boolean x2 = true;
    x3.x4 (null);
    x5.x4 (null);
    x6.x4 (null);
    x7.x4 (null);
    x8.x4 (null);
    x9.x4 (null);
    x10.x4 (null);
    if (x11.x12 ().x13 ()) {
        x2 = false;
        x3.x4 ("*");
    }
    if (x14.x12 ().x13 ()) {
        x2 = false;
        x5.x4 ("*");
    }
    if (x15.x12 ().x13 ()) {
        x2 = false;
        x6.x4 ("*");
    } else {
        if (x16.x17 (x15.x12 ()) == false) {
            x2 = false;
            x6.x4 ("* already used");
        }
    }
    if (x18.x12 ().x13 ()) {
        x2 = false;
        x7.x4 ("*");
    }
    if (x19.x12 ().x13 ()) {
        x2 = false;
        x8.x4 ("*");
    }
    if (x20.x12 ().x13 ()) {
        x2 = false;
        x9.x4 ("*");
    } else {
        float x21 = 0;
        boolean x22 = true;
        try {
            x21 = x23.x24 (x20.x12 ());
        } catch (x25 x26) {
            x2 = false;
            x22 = false;
            x9.x4 ("* not a number");
        }
        if (x22) {
            if (x21 < 0) {
                x2 = false;
                x9.x4 ("* must be positive");
            }
        }
    }
    if (! x2) {
        x10.x4 ("Please fill in all fields marked with *");
    }
    return x2;
}
</source>
<source file="Group13_source/frontend/FXMLCalendarController.java" startline="29" endline="31">
public void x1 (x2 x3) {
    x4.x5 = x3;
}
</source>
<source file="Group13_source/frontend/FXMLCalendarController.java" startline="33" endline="81">
@x1
void x2 (x3 x4) {
    x5 < x5 < x6 > > x7 = x8.x9 ();
    if (x7 == null) {
        return;
    }
    x10 x11 = x8.x12 ();
    x11 = x11.x13 (1);
    x14 x15 = x11.x16 ();
    int x17 = 0;
    int x18 = x15.x19 ();
    int x20 = 0;
    x21 x22;
    x22 = x23 (x7, x17, new x21 ());
    x24.x25 (x22, x18, x20);
    x17 = x17 + 1;
    if (x18 == 7) {
        x18 = 0;
    } else {
        x18 = x18 + 1;
    }
    while (x17 < x7.x26 ()) {
        if (x18 < 7) {
            x21 x27 = new x21 ();
            x27.x28 (false);
            x22 = x23 (x7, x17, x27);
            x24.x25 (x22, x18, x20);
            x17 = x17 + 1;
            x18 = x18 + 1;
        } else {
            x18 = 0;
            x20 = x20 + 1;
        }
    }
}
</source>
<source file="Group13_source/frontend/FXMLCalendarController.java" startline="85" endline="101">
private x1 x2 (x3 < x3 < x4 > > x5, int x6, x1 x7) {
    x7.x8 ();
    x7.x9 ((x6 + 1) + "\n");
    while (x5.x10 (x6).x11 () > 0) {
        x4 x12 = x5.x10 (x6).x13 ();
        x14 x15 = x12.x16 ();
        x15 = x15.x17 (11, 16);
        x7.x9 (x15 + "-");
        x12 = x5.x10 (x6).x13 ();
        x15 = x12.x16 ();
        x15 = x15.x17 (11, 16);
        x7.x9 (x15 + "\n");
    }
    return x7;
}
</source>
<source file="Group13_source/frontend/FXMLCalendarController.java" startline="103" endline="108">
@x1
void x2 (x3 x4) {
    x5.x6 ();
    x7.x8.x9 ("You clicked me!");
}
</source>
<source file="Group13_source/frontend/FXMLCalendarController.java" startline="110" endline="113">
@x1
public void x2 (x3 x4, x5 x6) {
}
</source>
<source file="Group13_source/frontend/FXMLProntPageController.java" startline="77" endline="81">
public void x1 (x2 x3) {
    x4.x5 = x3;
}
</source>
<source file="Group13_source/frontend/FXMLProntPageController.java" startline="83" endline="86">
@x1
protected void x2 (x3 x4) {
    x5.x6 ();
}
</source>
<source file="Group13_source/frontend/FXMLProntPageController.java" startline="88" endline="102">
private void x1 (x2 < x2 < x3 > > x4, int x5, x6 x7) {
    x7.x8 ();
    while (x4.x9 (x5).x10 () > 0) {
        x3 x11 = x4.x9 (x5).x12 ();
        x13 x14 = x11.x15 ();
        x14 = x14.x16 (11, 16);
        x7.x17 (x14 + "-");
        x11 = x4.x9 (x5).x12 ();
        x14 = x11.x15 ();
        x14 = x14.x16 (11, 16);
        x7.x17 (x14 + "\n");
    }
}
</source>
<source file="Group13_source/frontend/FXMLProntPageController.java" startline="104" endline="108">
private void x1 (x2 x3, x4 x5) {
    x6 x7 = x3.x8 (x9.x10, x11.x12);
    x5.x13 (x7);
}
</source>
<source file="Group13_source/frontend/FXMLProntPageController.java" startline="110" endline="114">
@x1
private void x2 () {
    x3.x4 ();
}
</source>
<source file="Group13_source/frontend/FXMLProntPageController.java" startline="116" endline="120">
@x1
private void x2 () {
    x3.x4 ();
}
</source>
<source file="Group13_source/frontend/FXMLProntPageController.java" startline="122" endline="125">
@x1
void x2 (x3 x4) {
    x5.x6 ();
}
</source>
<source file="Group13_source/frontend/FXMLProntPageController.java" startline="127" endline="158">
@x1
void x2 (x3 x4) {
    x5 < x5 < x6 > > x7 = x8.x9 ();
    x10 x11 = x8.x12 ();
    x13 x14 = x11.x15 ();
    x16 (x14, x17);
    x14 = x14.x18 (1);
    x16 (x14, x19);
    x14 = x14.x18 (1);
    x16 (x14, x20);
    x14 = x14.x18 (1);
    x16 (x14, x21);
    x14 = x14.x18 (1);
    x16 (x14, x22);
    x14 = x14.x18 (1);
    x16 (x14, x23);
    x14 = x14.x18 (1);
    x16 (x14, x24);
    if (x7 != null) {
        x25 (x7, 0, x26);
        x25 (x7, 1, x27);
        x25 (x7, 2, x28);
        x25 (x7, 3, x29);
        x25 (x7, 4, x30);
        x25 (x7, 5, x31);
        x25 (x7, 6, x32);
    }
}
</source>
<source file="Group13_source/frontend/FXMLProntPageController.java" startline="160" endline="163">
@x1
void x2 (x3 x4) {
    x5.x6 ();
}
</source>
<source file="Group13_source/frontend/FXMLProntPageController.java" startline="165" endline="169">
@x1
public void x2 (x3 x4, x5 x6) {
}
</source>
<source file="Group13_source/frontend/LoginPageController.java" startline="35" endline="37">
public void x1 (x2 x3) {
    x4.x5 = x3;
}
</source>
<source file="Group13_source/frontend/LoginPageController.java" startline="39" endline="42">
@x1
public void x2 (x3 x4, x5 x6) {
    x7.x8 ("Welcome to Shift Swap");
}
</source>
<source file="Group13_source/frontend/LoginPageController.java" startline="44" endline="52">
@x1
void x2 (x3 x4) {
    if (x5.x6 (x7.x8 (), x9.x8 ()) == false) {
        x10.x11 (x12.x13);
        x10.x14 ("Login failed");
    }
}
</source>
<source file="Group13_source/frontend/SwapShiftController.java" startline="40" endline="44">
public void x1 (x2 x3) {
    x4.x5 = x3;
}
</source>
<source file="Group13_source/frontend/SwapShiftController.java" startline="49" endline="52">
@x1
public void x2 (x3 x4, x5 x6) {
}
</source>
<source file="Group13_source/frontend/SwapShiftController.java" startline="54" endline="62">
@x1
private void x2 (x3 x4) {
}
</source>
<source file="Group13_source/frontend/SwapShiftController.java" startline="64" endline="73">
@x1
private void x2 (x3 x4) {
}
</source>
<source file="Group13_source/frontend/Input.java" startline="34" endline="36">
public static x1 x2 (x1 x3) {
    return x3;
}
</source>
<source file="Group13_source/frontend/Input.java" startline="44" endline="65">
public static boolean x1 (x2 x3, x2 x4) {
    byte [] x5 = x6.x7 (x4);
    x8 x9 = x8.x10 (x3, x5);
    x11 x12 = null;
    try {
        x12 = x13.x14 (x9);
    } catch (x15 x16) {
        x17.x18.x19 ("LOGIN ERROR! ABORTING...");
        return false;
    }
    try {
        x20.x21 (1000);
    } catch (x22 x23) {
        x20.x24 ().x25 ();
    }
    return x12.x26 ();
}
</source>
<source file="Group13_source/frontend/Input.java" startline="67" endline="77">
public static x1 [] x2 (x3 x4) {
    x5 x6 = x5.x7 (x4);
    x8 x9 = new x8 ();
    try {
        x9 = x10.x11 (x6);
    } catch (x12 x13) {
    }
    return x9.x14 ();
}
</source>
<source file="Group13_source/frontend/Input.java" startline="85" endline="98">
public static boolean x1 (x2 x3) {
    x4 x5 = x4.x6 (x3);
    x7 x8 = null;
    try {
        x8 = x9.x10 (x5);
    } catch (x11 x12) {
        x13.x14.x15 ("Exception in inUsernameUnique with message: " + x12.x16 ());
        return false;
    }
    return ! x8.x17 ();
}
</source>
<source file="Group13_source/frontend/Input.java" startline="104" endline="116">
public static void x1 (x2 x3) {
    x4 x5 = x4.x6 ("PLACEHOLDER", x3);
    x7 x8 = new x7 ();
    try {
        x8 = x9.x10 (x5);
    } catch (x11 x12) {
        x13.x14.x15 ("Exception in addNewEmployee with message: " + x12.x16 ());
    }
}
</source>
<source file="Group13_source/frontend/Input.java" startline="123" endline="134">
public static void x1 (x2 x3, int x4) {
    x5 x6 = x5.x7 (x3, x4);
    try {
        x8.x9 (x6);
    } catch (x10 x11) {
        x12.x13.x14 ("Exception in changeEmployeeAccessLevel with message: " + x11.x15 ());
    }
}
</source>
<source file="Group13_source/frontend/Input.java" startline="140" endline="151">
public static void x1 (x2 x3) {
    x4 x5 = x4.x6 ("PLACEHOLDER", x3);
    try {
        x7.x8 (x5);
    } catch (x9 x10) {
        x11.x12.x13 ("Exception in removeEmployee with message: " + x10.x14 ());
    }
}
</source>
<source file="Group13_source/frontend/Input.java" startline="162" endline="177">
public static void x1 (x2 x3, x2 x4, x2 x5, x2 x6, int x7, float x8) {
    if (x3 == null) {
        throw new x9 ();
    }
    x10 x11 = x10.x12 (x3, x4, x5, x6, x7, x8);
    try {
        x13.x14 (x11);
    } catch (x15 x16) {
        x17.x18.x19 ("Exception in modifyEmployeeInfo with message: " + x16.x20 ());
    }
}
</source>
<source file="Group13_source/frontend/Input.java" startline="185" endline="197">
public static void x1 (x2 x3, x2 x4) {
    byte [] x5 = x6.x7 (x4);
    x8 x9 = x8.x10 (x3, x5);
    try {
        x11.x12 (x9);
    } catch (x13 x14) {
        x15.x16.x17 ("Exception in changeEmployeePassword with message: " + x14.x18 ());
    }
}
</source>
<source file="Group13_source/frontend/Input.java" startline="204" endline="215">
public static void x1 (x2 x3, x2 x4) {
    x5 x6 = x5.x6 (x3, x4);
    try {
        x7.x8 (x6);
    } catch (x9 x10) {
        x11.x12.x13 ("Exception in changeEmployeesManager with message: " + x10.x14 ());
    }
}
</source>
<source file="Group13_source/frontend/Input.java" startline="219" endline="235">
public static byte [] x1 (x2 x3) {
    byte [] x4 = null;
    try {
        x5 x6 = x5.x7 ("SHA-256");
        x6.x8 (x3.x9 ());
        x4 = x6.x10 ();
        if (x4 == null) {
            throw new x11 ("ReturnHash null in DummyController");
        }
    } catch (x12 x13) {
        x14.x15.x16 ("Exception: " + x13);
    }
    return x4;
}
</source>
<source file="Group13_source/frontend/Input.java" startline="242" endline="254">
public static void x1 (x2 x3, x4 [] x5) {
    x6 x7 = x6.x8 (x3, x5);
    try {
        x9.x10 (x7);
    } catch (x11 x12) {
        x13.x14.x15 ("createGiveRequest bombed hard");
        x12.x16 ();
    }
}
</source>
<source file="Group13_source/frontend/Input.java" startline="262" endline="273">
public static void x1 (x2 x3, x2 x4, x5 [] x6) {
    x7 x8 = null;
    x5 [] x9 = {x6 [0], x6 [1], null, null};
    x8 = x7.x10 (x3, x4, x9);
    try {
        x11.x12 (x8);
    } catch (x13 x14) {
        x15.x16.x17 ("createTakeRequest just got smoked");
        x14.x18 ();
    }
}
</source>
<source file="Group13_source/frontend/Input.java" startline="279" endline="282">
private static x1 [] x2 (x1 [] x3, x1 [] x4) {
    x1 [] x5 = {x3 [0], x3 [1], x4 [0], x4 [1]};
    return x5;
}
</source>
<source file="Group13_source/frontend/Input.java" startline="292" endline="304">
public static void x1 (x2 x3, x4 [] x5, x2 x6, x4 [] x7) {
    x8 x9 = null;
    x9 = x8.x10 (x3, x6, x11 (x5, x7));
    try {
        x12.x13 (x9);
    } catch (x14 x15) {
        x16.x17.x18 ("createTradeRequest just got smoked");
        x15.x19 ();
    }
}
</source>
<source file="Group13_source/frontend/Input.java" startline="312" endline="325">
public static x1 x2 (x1 x3) {
    x4 x5 = x4.x6 (x3);
    x7 x8 = null;
    try {
        x8 = x9.x10 (x5);
    } catch (x11 x12) {
        x13.x14.x15 ("Messages couldn't be found, error is: " + x12.x16 ());
    }
    return x8.x17 ();
}
</source>
<source file="Group13_source/frontend/Input.java" startline="328" endline="339">
public static void x1 (x2 x3, x2 x4, x2 x5) {
    x6 x7 = x6.x8 (x3, x4, x5);
    try {
        x9.x10 (x7);
    } catch (x11 x12) {
        x13.x14.x15 ("Message couldn't be sent, error is: " + x12.x16 ());
    }
}
</source>
<source file="Group13_source/frontend/Input.java" startline="346" endline="373">
public static x1 [] x2 () {
    x3 x4 = x3.x5 ();
    x6 x7 = null;
    try {
        x7 = x8.x9 (x4);
    } catch (x10 x11) {
        x12.x13.x14 ("Exception in removeEmployee with message: " + x11.x15 ());
    }
    if (x7 != null) {
        x1 [] x16 = new x1 [x7.x17 ().x18];
        x19 [] x20 = x7.x17 ();
        x21 [] x22 = x7.x23 ();
        for (int x24 = 0;
        x24 < x7.x17 ().x18; x24 ++) {
            x16 [x24] = new x1 (x20 [x24], x22 [x24 * 2], x22 [(x24 * 2) + 1]);
        }
        return x16;
    } else {
        return null;
    }
}
</source>
<source file="Group13_source/frontend/Input.java" startline="379" endline="382">
public static void x1 (x2 x3) {
}
</source>
<source file="Group13_source/frontend/Input.java" startline="389" endline="392">
public static void x1 (x2 x3, boolean x4) {
}
</source>
<source file="Group13_source/frontend/Input.java" startline="402" endline="405">
public static void x1 (x2 x3, x4 x5, x4 x6, boolean x7) {
}
</source>
<source file="Group13_source/frontend/Input.java" startline="410" endline="421">
public static void x1 (x2 x3) {
    x4 x5 = x4.x6 (x3);
    try {
        x7.x8 (x5);
    } catch (x9 x10) {
        x11.x12.x13 ("Message couldn't be sent, error is: " + x10.x14 ());
    }
}
</source>
<source file="Group13_source/frontend/Input.java" startline="426" endline="437">
public static void x1 (x2 x3, x2 x4) {
    x5 x6 = x5.x7 (x3, x4);
    try {
        x8.x9 (x6);
    } catch (x10 x11) {
        x12.x13.x14 ("Message couldn't be sent, error is: " + x11.x15 ());
    }
}
</source>
<source file="Group13_source/frontend/ManagerSettingsController.java" startline="90" endline="92">
public void x1 (x2 x3) {
    x4.x5 = x3;
}
</source>
<source file="Group13_source/frontend/ManagerSettingsController.java" startline="99" endline="103">
@x1
public void x2 (x3 x4, x5 x6) {
}
</source>
<source file="Group13_source/frontend/ManagerSettingsController.java" startline="105" endline="111">
@x1
private void x2 (x3 x4) {
    x5.x6 (x7.x8 (), x9.x8 (), x10.x8 (), x11.x8 (), x12.x8 (), x13.x14 (x15.x8 ()));
}
</source>
<source file="Group13_source/frontend/ManagerSettingsController.java" startline="117" endline="125">
@x1
private void x2 (x3 x4) {
    x5.x2 (x6.x7 (), x8.x7 (), x9.x7 (), x10.x7 (), x11.x12 (x13.x7 ()));
}
</source>
<source file="Group13_source/frontend/ManagerSettingsController.java" startline="127" endline="142">
@x1
private void x2 (x3 x4) {
    int x5 = 1;
    try {
        x5 = x6 ();
    } catch (x7 x8) {
        x9.x10.x11 (x8.x12 () + " - Stack trace follows:");
        x8.x13 ();
    }
    x14.x15 (x16.x17 (), x5);
}
</source>
<source file="Group13_source/frontend/ManagerSettingsController.java" startline="144" endline="149">
@x1
private void x2 (x3 x4) {
    x5.x6 (x7.x8 (), x9.x8 ());
}
</source>
<source file="Group13_source/frontend/ManagerSettingsController.java" startline="151" endline="166">
@x1
private void x2 (x3 x4) {
    x5 x6 = x7.x8 ();
    if (x6 == x9.x8 ()) {
        x10.x11 ("");
        x12.x13 (x14.x8 (), x6);
    } else {
        x10.x15 (x16.x17);
        x10.x11 ("Passwords do not match");
    }
}
</source>
<source file="Group13_source/frontend/ManagerSettingsController.java" startline="168" endline="172">
@x1
private void x2 (x3 x4) {
    x5.x2 (x6.x7 ());
}
</source>
<source file="Group13_source/frontend/ManagerSettingsController.java" startline="174" endline="178">
@x1
private void x2 (x3 x4) {
    x5.x6 ();
}
</source>
<source file="Group13_source/frontend/ManagerSettingsController.java" startline="180" endline="195">
private int x1 () throws x2 {
    if (x3.x4 ()) {
        return 1;
    } else if (x5.x4 ()) {
        return 2;
    } else if (x6.x4 ()) {
        return 3;
    } else {
        throw new x2 ("No access level selected");
    }

}
</source>
<source file="Group13_source/frontend/NewMessagePageController.java" startline="34" endline="36">
public void x1 (x2 x3) {
    x4.x5 = x3;
}
</source>
<source file="Group13_source/frontend/NewMessagePageController.java" startline="38" endline="61">
@x1
void x2 () {
    x3 x4 = x5.x6 ();
    if (x4.x7 () > 255) {
        x8.x9 (true);
        x10.x9 (false);
    } else if (! x11.x12 (x4, x13.x6 ())) {
        x14.x9 (true);
        x10.x9 (false);
    } else {
        x10.x9 (true);
        x14.x9 (false);
        x8.x9 (false);
        x5.x15 ("");
        x13.x15 ("");
    }

}
</source>
<source file="Group13_source/frontend/NewMessagePageController.java" startline="63" endline="67">
@x1
void x2 () {
    x3.x4 ();
}
</source>
<source file="Group13_source/frontend/NewMessagePageController.java" startline="69" endline="73">
@x1
public void x2 (x3 x4, x5 x6) {
}
</source>
<source file="Group13_source/frontend/DummyController.java" startline="18" endline="35">
public static byte [] x1 (x2 x3) {
    byte [] x4 = null;
    try {
        x5 x6 = x5.x7 ("SHA-256");
        x6.x8 (x3.x9 ());
        x4 = x6.x10 ();
        if (x4 == null) {
            throw new x11 ("ReturnHash null in DummyController");
        }
    } catch (x12 x13) {
        x14.x15.x16 ("Exception: " + x13);
    }
    return x4;
}
</source>
<source file="Group13_source/frontend/View.java" startline="31" endline="33">
public x1 () {
    x2.x3 = x2;
}
</source>
<source file="Group13_source/frontend/View.java" startline="35" endline="47">
@x1
public void x2 (x3 x4) {
    try {
        x5 = x4;
        x6 ();
        x7 ();
        x4.x8 ();
    } catch (x9 x10) {
        x11.x12.x13 (x10.x14 ());
    }
}
</source>
<source file="Group13_source/frontend/View.java" startline="55" endline="58">
private void x1 () {
    x2 = x3.x4 (2014, 10, 25);
    x5.x6.x7 ("Current internal date is: " + x2.x8 ());
}
</source>
<source file="Group13_source/frontend/View.java" startline="62" endline="69">
private void x1 () {
    try {
        x2 x3 = (x2) x4 ("MessagesPage.fxml");
        x3.x5 (x6);
    } catch (x7 x8) {
        x9.x10.x11 (x8.x12 ());
    }
}
</source>
<source file="Group13_source/frontend/View.java" startline="71" endline="78">
private void x1 () {
    try {
        x2 x3 = (x2) x4 ("LoginPage.fxml");
        x3.x5 (x6);
    } catch (x7 x8) {
        x9.x10.x11 (x8.x12 ());
    }
}
</source>
<source file="Group13_source/frontend/View.java" startline="80" endline="88">
private void x1 () {
    try {
        x2 x3 = (x2) x4 ("ManagerSettings.fxml");
        x3.x5 (x6);
    } catch (x7 x8) {
        x9.x10.x11 (x8.x12 ());
    }
}
</source>
<source file="Group13_source/frontend/View.java" startline="90" endline="98">
private void x1 () {
    try {
        x2 x3 = (x2) x4 ("CalendarPage.fxml");
        x3.x5 (x6);
    } catch (x7 x8) {
        x9.x10.x11 (x8.x12 ());
    }
}
</source>
<source file="Group13_source/frontend/View.java" startline="100" endline="108">
private void x1 () {
    try {
        x2 x3 = (x2) x4 ("FXMLProntPage.fxml");
        x3.x5 (x6);
    } catch (x7 x8) {
        x9.x10.x11 (x8.x12 ());
    }
}
</source>
<source file="Group13_source/frontend/View.java" startline="110" endline="118">
private void x1 () {
    try {
        x2 x3 = (x2) x4 ("NewMessagePage.fxml");
        x3.x5 (x6);
    } catch (x7 x8) {
        x9.x10.x11 (x8.x12 ());
    }
}
</source>
<source file="Group13_source/frontend/View.java" startline="120" endline="127">
private void x1 () {
    try {
        x2 x3 = (x2) x4 ("TakePage.fxml");
        x3.x5 (x6);
    } catch (x7 x8) {
        x9.x10.x11 (x8.x12 ());
    }
}
</source>
<source file="Group13_source/frontend/View.java" startline="129" endline="137">
private void x1 () {
    try {
        x2 x3 = (x2) x4 ("SwapShift.fxml");
        x3.x5 (x6);
    } catch (x7 x8) {
        x9.x10.x11 (x8.x12 ());
    }
}
</source>
<source file="Group13_source/frontend/View.java" startline="142" endline="153">
public boolean x1 (x2 x3, x2 x4) {
    if (x5.x6 (x3, x4)) {
        x7 = x3;
        x8 ();
        return true;
    } else {
        return false;
    }
}
</source>
<source file="Group13_source/frontend/View.java" startline="156" endline="159">
protected void x1 () {
    x2 ();
}
</source>
<source file="Group13_source/frontend/View.java" startline="161" endline="164">
protected void x1 () {
    x2 ();
}
</source>
<source file="Group13_source/frontend/View.java" startline="166" endline="169">
protected void x1 () {
    x2 ();
}
</source>
<source file="Group13_source/frontend/View.java" startline="171" endline="174">
protected void x1 () {
    x2 ();
}
</source>
<source file="Group13_source/frontend/View.java" startline="176" endline="178">
protected void x1 () {
    x2 ();
}
</source>
<source file="Group13_source/frontend/View.java" startline="180" endline="182">
protected void x1 () {
    x2 ();
}
</source>
<source file="Group13_source/frontend/View.java" startline="184" endline="186">
protected void x1 () {
    x2 ();
}
</source>
<source file="Group13_source/frontend/View.java" startline="188" endline="191">
protected x1 x2 () {
    return x3;
}
</source>
<source file="Group13_source/frontend/View.java" startline="193" endline="256">
protected x1 < x1 < x2 > > x3 () {
    x2 [] x4 = x5.x6 (x7);
    if (x4 == null) {
        return null;
    }
    x1 < x1 < x2 > > x8 = new x1 < x1 < x2 > > ();
    int x9 = 0;
    while (x9 < 7) {
        x8.x10 (new x1 < x2 > ());
        x9 = x9 + 1;
    }
    int x11 = x4.x12;
    x13 x14 = x15;
    x13 x16;
    x17 x18;
    int x19 = 0;
    x9 = 0;
    while (x9 < x11) {
        x18 = x4 [x9].x20 ();
        x18 = x18.x21 (0, 10);
        x16 = x13.x22 (x18);
        int x23 = x14.x24 (x16);
        if (x14.x24 (x16) > 0) {
            x9 = x9 + 2;
        } else if (x14.x24 (x16) < 0) {
            x19 = x19 + 1;
            if (x19 == 7) {
                x9 = x11;
            } else {
                x14 = x14.x25 (1);
            }
        } else {
            x8.x26 (x19).x10 (x4 [x9]);
            x8.x26 (x19).x10 (x4 [x9 + 1]);
            x9 = x9 + 2;
        }

    }
    return x8;
}
</source>
<source file="Group13_source/frontend/View.java" startline="258" endline="348">
protected x1 < x1 < x2 > > x3 () {
    x2 [] x4 = x5.x6 (x7);
    x1 < x1 < x2 > > x8 = new x1 < x1 < x2 > > ();
    if (x4 == null) {
        return null;
    }
    int x9 = x4.x10;
    x11 x12 = x13;
    x11 x14;
    x15 x16;
    int x17 = 0;
    int x18 = x12.x19 ();
    int x20 = 0;
    int x21 = 0;
    if (x18 == 2) {
        if (x12.x22 ()) {
            x20 = 29;
        } else {
            x20 = 28;
        }
    } else if (x18 == 4 || x18 == 6 || x18 == 9 || x18 == 11) {
        x20 = 30;
    } else {
        x20 = 31;
    }

    while (x21 < x20) {
        x8.x23 (new x1 < x2 > ());
        x21 = x21 + 1;
    }
    x21 = 0;
    while (x21 < x9) {
        x16 = x4 [x21].x24 ();
        x16 = x16.x25 (0, 10);
        x14 = x11.x26 (x16);
        int x27 = x14.x28 ();
        if ((x14.x19 ()) < x18) {
            x21 = x21 + 2;
        } else if ((x14.x19 ()) > x18) {
            x21 = x9;
        } else if ((x14.x28 () - 1) > x17) {
            x17 = x17 + 1;
            if (x17 == x20) {
                x21 = x9;
            }
        } else {
            x8.x29 (x17).x23 (x4 [x21]);
            x8.x29 (x17).x23 (x4 [x21 + 1]);
            x21 = x21 + 2;
        }

    }
    return x8;
}
</source>
<source file="Group13_source/frontend/View.java" startline="350" endline="369">
protected x1 < x2 > x3 () {
    x2 x4 = x5.x6 (x7);
    x1 < x2 > x8 = new x1 < x2 > ();
    x2 x9;
    int x10 = 0;
    int x11 = 0;
    while (x10 < x4.x12 ()) {
        if (x4.x13 (x10) == '\n') {
            x9 = x4.x14 (x11, x10);
            x8.x15 (x9);
            x11 = x10 + 1;
        }
        x10 = x10 + 1;
    }
    return x8;
}
</source>
<source file="Group13_source/frontend/View.java" startline="371" endline="383">
protected x1 < x2 > x3 () {
    x2 [] x4 = x5.x6 ();
    x1 < x2 > x7 = new x1 < x2 > ();
    int x8 = 0;
    while (x8 < x4.x9) {
        x7.x10 (x4 [x8]);
        x8 = x8 + 1;
    }
    return x7;
}
</source>
<source file="Group13_source/frontend/View.java" startline="385" endline="396">
protected boolean x1 (x2 x3, x2 x4) {
    if (! x5.x6 (x4)) {
        x5.x1 (x7, x4, x3);
        return true;
    } else {
        return false;
    }
}
</source>
<source file="Group13_source/frontend/View.java" startline="398" endline="402">
protected void x1 (x2 x3) {
    x4 [] x5 = {x3.x6 (), x3.x7 ()};
    x8.x9 (x3.x10 (), x11, x5);
}
</source>
<source file="Group13_source/frontend/View.java" startline="404" endline="419">
private x1 x2 (x3 x4) throws x5 {
    x6 x7 = new x6 ();
    x8 x9 = x10.class.x11 (x4);
    x7.x12 (new x13 ());
    x7.x14 (x10.class.x15 (x4));
    x16 x17;
    try {
        x17 = (x16) x7.x18 (x9);
    } finally {
        x9.x19 ();
    }
    x20 x21 = new x20 (x17, 800, 600);
    x22.x23 (x21);
    x22.x24 ();
    return (x1) x7.x25 ();
}
</source>
<source file="Group13_source/frontend/View.java" startline="421" endline="428">
public void x1 (x2 x3, x2 x4, x2 x5, x2 x6, x2 x7, float x8) {
    x9 x10 = new x9 (x3, x4, x5, 1, x11.x12 (x6), x7, x8);
    x11.x13 (x10);
}
</source>
<source file="Group13_source/frontend/View.java" startline="430" endline="434">
public void x1 (x2 x3, x2 x4, x2 x5, x2 x6, float x7) {
    x8.x9 (x3, x4, x5, x6, 1, x7);
}
</source>
<source file="Group13_source/frontend/View.java" startline="436" endline="439">
public void x1 (x2 x3, int x4) {
    x5.x6 (x3, x4);
}
</source>
<source file="Group13_source/frontend/View.java" startline="441" endline="444">
public void x1 (x2 x3, x2 x4) {
    x5.x6 (x3, x4);
}
</source>
<source file="Group13_source/frontend/View.java" startline="446" endline="449">
public void x1 (x2 x3, x2 x4) {
    x5.x6 (x3, x4);
}
</source>
<source file="Group13_source/frontend/View.java" startline="451" endline="454">
public void x1 (x2 x3) {
    x4.x1 (x3);
}
</source>
<source file="Group13_source/frontend/View.java" startline="460" endline="462">
public static void x1 (x2 [] x3) {
    x4 (x3);
}
</source>
